,dataset,N,seed,MAP Epi UQ,MAP Alea UQ,MAP Total UQ
0,airfoil_self_noise,25,0,22.580522451313698,319.9619613387352,342.5424837900489
1,airfoil_self_noise,25,1,10.723224158090831,320.77977548029236,331.5029996383832
2,airfoil_self_noise,25,2,10.723224158090831,320.77977548029236,331.5029996383832
3,airfoil_self_noise,25,3,10.723224158090831,320.77977548029236,331.5029996383832
4,airfoil_self_noise,25,4,10.723224158090831,320.77977548029236,331.5029996383832
5,airfoil_self_noise,50,0,3.367443925574853,320.89196498187715,324.259408907452
6,airfoil_self_noise,50,1,5.889077521446891,325.20585743381287,331.0949349552598
7,airfoil_self_noise,50,2,5.889077521446891,325.20585743381287,331.0949349552598
8,airfoil_self_noise,50,3,5.889077521446891,325.20585743381287,331.0949349552598
9,airfoil_self_noise,50,4,5.889077521446891,325.20585743381287,331.0949349552598
10,airfoil_self_noise,75,0,3.222313603298493,322.2118956884543,325.43420929175284
11,airfoil_self_noise,75,1,1.9851354669962928,316.77616565441247,318.7613011214088
12,airfoil_self_noise,75,2,1.9851354669962928,316.77616565441247,318.7613011214088
13,airfoil_self_noise,75,3,1.9851354669962928,316.77616565441247,318.7613011214088
14,airfoil_self_noise,75,4,1.9851354669962928,316.77616565441247,318.7613011214088
15,airfoil_self_noise,100,0,1.7772037368498155,318.5838693601976,320.3610730970474
16,airfoil_self_noise,100,1,2.1829812137444744,317.9914019478492,320.17438316159365
17,airfoil_self_noise,100,2,2.1829812137444744,317.9914019478492,320.17438316159365
18,airfoil_self_noise,100,3,2.1829812137444744,317.9914019478492,320.17438316159365
19,airfoil_self_noise,100,4,2.1829812137444744,317.9914019478492,320.17438316159365
,dataset,N,seed,MAPPIE Coverage,MAPPIE Mean Width
0,airfoil_self_noise,50,0,0.8704318936877077,12.389847372162773
1,airfoil_self_noise,50,1,0.9833887043189369,24.807339751284772
2,airfoil_self_noise,50,2,0.9833887043189369,24.807339751284772
3,airfoil_self_noise,50,3,0.9833887043189369,24.807339751284772
4,airfoil_self_noise,50,4,0.9833887043189369,24.807339751284772
5,airfoil_self_noise,75,0,0.9900332225913622,21.032769605871046
6,airfoil_self_noise,75,1,0.7807308970099668,13.917427511120145
7,airfoil_self_noise,75,2,0.7807308970099668,13.917427511120145
8,airfoil_self_noise,75,3,0.7807308970099668,13.917427511120145
9,airfoil_self_noise,75,4,0.7807308970099668,13.917427511120145
10,airfoil_self_noise,100,0,0.9102990033222591,12.26022256642084
11,airfoil_self_noise,100,1,0.867109634551495,9.952455878070808
12,airfoil_self_noise,100,2,0.867109634551495,9.952455878070808
13,airfoil_self_noise,100,3,0.867109634551495,9.952455878070808
14,airfoil_self_noise,100,4,0.867109634551495,9.952455878070808
,dataset,noise_scale,seed,noise_mode,MAP Epi UQ,MAP Alea UQ,MAP Total UQ,Spearman_Alea_Error,Spearman_Total_Error
0,airfoil_self_noise,0.2,0,growing_feature,2.6386855933686357,317.4613607459215,320.1000463392902,0.07359354029614311,0.09973113902884427
1,airfoil_self_noise,0.2,1,growing_feature,3.0175110062776502,319.1289596415272,322.14647064780485,0.16792721832302923,0.17895623858660978
2,airfoil_self_noise,0.2,2,growing_feature,3.423651094137374,321.262569808804,324.6862209029414,0.014376801390508464,0.03454665463906185
3,airfoil_self_noise,0.2,3,growing_feature,2.9873264277742932,318.6457852896844,321.63311171745863,0.05893951728234803,0.07284416184462389
4,airfoil_self_noise,0.2,4,growing_feature,2.8851402415942666,322.35830215725184,325.2434423988462,0.17855624738729622,0.19349277243625004
5,airfoil_self_noise,0.5,0,growing_feature,3.8588311892686744,319.9108061242822,323.76963731355085,0.040873468130514186,0.06703350861367187
6,airfoil_self_noise,0.5,1,growing_feature,3.62727816305028,319.663509038442,323.2907872014922,0.06531781478955359,0.07460121889507383
7,airfoil_self_noise,0.5,2,growing_feature,3.862243319323406,321.0915970003246,324.95384031964807,-0.05113638863831379,-0.039417834591098114
8,airfoil_self_noise,0.5,3,growing_feature,3.498653631308826,319.58415150549604,323.0828051368048,-0.003705969065587116,0.011150029702316782
9,airfoil_self_noise,0.5,4,growing_feature,4.269907139993272,325.18687539008044,329.4567825300737,0.06535873798156257,0.0845275131460254
10,airfoil_self_noise,1.0,0,growing_feature,7.63048243508662,327.33854539438755,334.9690278294742,0.05668786165320895,0.110124749730479
11,airfoil_self_noise,1.0,1,growing_feature,5.782541307164897,322.4825296148973,328.26507092206225,-0.00769532023497833,0.00946865855536732
12,airfoil_self_noise,1.0,2,growing_feature,6.333574426471867,323.91600283447286,330.24957726094465,-0.12444918703658886,-0.11636179622010519
13,airfoil_self_noise,1.0,3,growing_feature,5.350927811330218,322.968673315038,328.3196011263682,-0.04549558865591517,-0.03570746518228422
14,airfoil_self_noise,1.0,4,growing_feature,7.629316335580491,331.2937429532179,338.92305928879836,-0.022214252711711516,0.005228927856372797
15,airfoil_self_noise,1.5,0,growing_feature,13.160450242872397,337.8894183562573,351.04986859912964,0.16206684121361467,0.17770038062968915
16,airfoil_self_noise,1.5,1,growing_feature,9.73829125835464,327.83730205206973,337.5755933104243,0.02359684055356318,0.06854678664935865
17,airfoil_self_noise,1.5,2,growing_feature,9.982771896382925,329.07908573765735,339.0618576340402,-0.1382328221601285,-0.11245605157202264
18,airfoil_self_noise,1.5,3,growing_feature,8.225214994689797,328.0156022502285,336.2408172449183,-0.07333788035466768,-0.05786759367230644
19,airfoil_self_noise,1.5,4,growing_feature,12.95226727699219,341.15163295354034,354.10390023053253,-0.08447998943917627,-0.01778398715099778
,dataset,noise_scale,noise_mode,seed,MAPPIE Coverage,MAPPIE Mean Width
0,airfoil_self_noise,0.2,growing_feature,0,0.8205980066445183,9.21895607354935
1,airfoil_self_noise,0.2,growing_feature,1,0.9136212624584718,12.521799139480526
2,airfoil_self_noise,0.2,growing_feature,2,0.9302325581395349,12.837535368803733
3,airfoil_self_noise,0.2,growing_feature,3,0.9102990033222591,10.716163836196388
4,airfoil_self_noise,0.2,growing_feature,4,0.9501661129568106,11.075393073610417
5,airfoil_self_noise,0.5,growing_feature,0,0.8637873754152824,12.170994498144832
6,airfoil_self_noise,0.5,growing_feature,1,0.9003322259136213,12.71280484876998
7,airfoil_self_noise,0.5,growing_feature,2,0.9235880398671097,14.929955188524511
8,airfoil_self_noise,0.5,growing_feature,3,0.9235880398671097,13.125812695039093
9,airfoil_self_noise,0.5,growing_feature,4,0.9501661129568106,13.524579277534349
10,airfoil_self_noise,1.0,growing_feature,0,0.920265780730897,18.094487758061142
11,airfoil_self_noise,1.0,growing_feature,1,0.8704318936877077,14.440834376859
12,airfoil_self_noise,1.0,growing_feature,2,0.9867109634551495,23.818779004248725
13,airfoil_self_noise,1.0,growing_feature,3,0.9368770764119602,20.00365453198583
14,airfoil_self_noise,1.0,growing_feature,4,0.9435215946843853,19.22357014572817
15,airfoil_self_noise,1.5,growing_feature,0,0.9302325581395349,22.54668161468401
16,airfoil_self_noise,1.5,growing_feature,1,0.8770764119601329,17.531809885495555
17,airfoil_self_noise,1.5,growing_feature,2,0.9800664451827242,26.19528044101648
18,airfoil_self_noise,1.5,growing_feature,3,0.9269102990033222,25.219421678856765
19,airfoil_self_noise,1.5,growing_feature,4,0.9634551495016611,24.674826857224183
,dataset,N,seed,MAP Epi UQ,MAP Alea UQ,MAP Total UQ
0,Another-Dataset-on-used-Fiat-500,25,0,419839.5737977857,1672331.786934336,2092171.3607321216
1,Another-Dataset-on-used-Fiat-500,25,1,797511.2606395566,1938256.5125712343,2735767.7732107905
2,Another-Dataset-on-used-Fiat-500,25,2,797511.2606395566,1938256.5125712343,2735767.7732107905
3,Another-Dataset-on-used-Fiat-500,25,3,797511.2606395566,1938256.5125712343,2735767.7732107905
4,Another-Dataset-on-used-Fiat-500,25,4,797511.2606395566,1938256.5125712343,2735767.7732107905
5,Another-Dataset-on-used-Fiat-500,50,0,552476.0972476596,1918045.8207035982,2470521.9179512574
6,Another-Dataset-on-used-Fiat-500,50,1,302773.02780152933,1745143.8036602098,2047916.8314617393
7,Another-Dataset-on-used-Fiat-500,50,2,302773.02780152933,1745143.8036602098,2047916.8314617393
8,Another-Dataset-on-used-Fiat-500,50,3,302773.02780152933,1745143.8036602098,2047916.8314617393
9,Another-Dataset-on-used-Fiat-500,50,4,302773.02780152933,1745143.8036602098,2047916.8314617393
10,Another-Dataset-on-used-Fiat-500,75,0,287404.32753518224,1837026.973177758,2124431.3007129403
11,Another-Dataset-on-used-Fiat-500,75,1,298678.15839908854,1762106.6719859645,2060784.8303850528
12,Another-Dataset-on-used-Fiat-500,75,2,298678.15839908854,1762106.6719859645,2060784.8303850528
13,Another-Dataset-on-used-Fiat-500,75,3,298678.15839908854,1762106.6719859645,2060784.8303850528
14,Another-Dataset-on-used-Fiat-500,75,4,298678.15839908854,1762106.6719859645,2060784.8303850528
15,Another-Dataset-on-used-Fiat-500,100,0,254207.52049455105,1775567.2469214855,2029774.7674160367
16,Another-Dataset-on-used-Fiat-500,100,1,262043.9635061458,1812661.26503721,2074705.2285433558
17,Another-Dataset-on-used-Fiat-500,100,2,262043.9635061458,1812661.26503721,2074705.2285433558
18,Another-Dataset-on-used-Fiat-500,100,3,262043.9635061458,1812661.26503721,2074705.2285433558
19,Another-Dataset-on-used-Fiat-500,100,4,262043.9635061458,1812661.26503721,2074705.2285433558
,dataset,N,seed,MAPPIE Coverage,MAPPIE Mean Width
0,Another-Dataset-on-used-Fiat-500,50,0,0.9642857142857143,4413.846042187183
1,Another-Dataset-on-used-Fiat-500,50,1,0.9025974025974026,2779.713371772271
2,Another-Dataset-on-used-Fiat-500,50,2,0.9025974025974026,2779.713371772271
3,Another-Dataset-on-used-Fiat-500,50,3,0.9025974025974026,2779.713371772271
4,Another-Dataset-on-used-Fiat-500,50,4,0.9025974025974026,2779.713371772271
5,Another-Dataset-on-used-Fiat-500,75,0,0.8798701298701299,2625.8831394740514
6,Another-Dataset-on-used-Fiat-500,75,1,0.961038961038961,3061.4359772917514
7,Another-Dataset-on-used-Fiat-500,75,2,0.961038961038961,3061.4359772917514
8,Another-Dataset-on-used-Fiat-500,75,3,0.961038961038961,3061.4359772917514
9,Another-Dataset-on-used-Fiat-500,75,4,0.961038961038961,3061.4359772917514
10,Another-Dataset-on-used-Fiat-500,100,0,0.9642857142857143,3027.0799568473517
11,Another-Dataset-on-used-Fiat-500,100,1,0.9415584415584416,3198.1742529931007
12,Another-Dataset-on-used-Fiat-500,100,2,0.9415584415584416,3198.1742529931007
13,Another-Dataset-on-used-Fiat-500,100,3,0.9415584415584416,3198.1742529931007
14,Another-Dataset-on-used-Fiat-500,100,4,0.9415584415584416,3198.1742529931007
,dataset,noise_scale,seed,noise_mode,MAP Epi UQ,MAP Alea UQ,MAP Total UQ,Spearman_Alea_Error,Spearman_Total_Error
0,Another-Dataset-on-used-Fiat-500,0.2,0,growing_feature,259085.25518532222,1758085.6569897428,2017170.9121750651,-0.17654205152626495,-0.15907831247241838
1,Another-Dataset-on-used-Fiat-500,0.2,1,growing_feature,316062.75020748173,1810194.8200066509,2126257.570214133,-0.07179781310008373,0.011270869899230603
2,Another-Dataset-on-used-Fiat-500,0.2,2,growing_feature,274428.6695897869,1823432.5769100897,2097861.2464998765,-0.1412958635691848,-0.10329833890972893
3,Another-Dataset-on-used-Fiat-500,0.2,3,growing_feature,231320.0472809419,1738265.2059478122,1969585.2532287543,-0.1701144624245811,-0.15421141593216578
4,Another-Dataset-on-used-Fiat-500,0.2,4,growing_feature,237082.34564162113,1764584.79464375,2001667.140285371,-0.12012630109907668,-0.04597204758551621
5,Another-Dataset-on-used-Fiat-500,0.5,0,growing_feature,504500.5880494921,2013719.3968566942,2518219.984906186,-0.10927045220861617,0.11653547608207848
6,Another-Dataset-on-used-Fiat-500,0.5,1,growing_feature,541020.5593584664,2070094.4123659865,2611114.971724453,-0.05423221832117534,0.08032330157118618
7,Another-Dataset-on-used-Fiat-500,0.5,2,growing_feature,383707.3667467489,1960932.54806806,2344639.914814809,-0.11540767035216004,-0.014632930243408488
8,Another-Dataset-on-used-Fiat-500,0.5,3,growing_feature,376768.542267787,1906186.2188556,2282954.761123387,-0.17548981617300524,-0.07290056560730554
9,Another-Dataset-on-used-Fiat-500,0.5,4,growing_feature,328437.15497015946,1867306.9804584011,2195744.1354285604,-0.12213220174908462,-0.029495651931059283
10,Another-Dataset-on-used-Fiat-500,1.0,0,growing_feature,1303430.0373128979,2898261.6210959554,4201691.658408854,0.15598978403505973,0.23695892483068032
11,Another-Dataset-on-used-Fiat-500,1.0,1,growing_feature,1083057.703331103,2716969.114701894,3800026.818032997,0.09235049129985774,0.11538918846656412
12,Another-Dataset-on-used-Fiat-500,1.0,2,growing_feature,713773.2063517303,2358841.7465501693,3072614.952901899,0.1609080191464121,0.1805850666775094
13,Another-Dataset-on-used-Fiat-500,1.0,3,growing_feature,992913.5735675008,2605231.50413413,3598145.0777016315,0.07325418568504034,0.0854390875041302
14,Another-Dataset-on-used-Fiat-500,1.0,4,growing_feature,652567.4588754984,2211265.483686349,2863832.942561847,-0.030171267526731486,0.13576156560463595
15,Another-Dataset-on-used-Fiat-500,1.5,0,growing_feature,2462656.895624062,4205082.017672491,6667738.913296554,0.22890287625371364,0.2662958378998993
16,Another-Dataset-on-used-Fiat-500,1.5,1,growing_feature,1829256.0084413243,3557990.5463993675,5387246.554840691,0.15391652717976903,0.170130890767333
17,Another-Dataset-on-used-Fiat-500,1.5,2,growing_feature,1251698.3075919678,2987051.739631482,4238750.047223451,0.2876366658431961,0.32661660539921594
18,Another-Dataset-on-used-Fiat-500,1.5,3,growing_feature,1993463.5757928954,3718344.287474016,5711807.863266911,0.04644477314820235,0.05661432802020194
19,Another-Dataset-on-used-Fiat-500,1.5,4,growing_feature,1416049.046005677,3045206.5806836355,4461255.626689313,0.07934827942886045,0.19421360911592314
,dataset,noise_scale,noise_mode,seed,MAPPIE Coverage,MAPPIE Mean Width
0,Another-Dataset-on-used-Fiat-500,0.2,growing_feature,0,0.9383116883116883,2869.8699003499896
1,Another-Dataset-on-used-Fiat-500,0.2,growing_feature,1,0.8766233766233766,2799.159921870881
2,Another-Dataset-on-used-Fiat-500,0.2,growing_feature,2,0.8993506493506493,2699.456266605762
3,Another-Dataset-on-used-Fiat-500,0.2,growing_feature,3,0.922077922077922,2500.570736566294
4,Another-Dataset-on-used-Fiat-500,0.2,growing_feature,4,0.8668831168831169,2565.007629894189
5,Another-Dataset-on-used-Fiat-500,0.5,growing_feature,0,0.987012987012987,5088.901157355899
6,Another-Dataset-on-used-Fiat-500,0.5,growing_feature,1,0.9253246753246753,4937.780845355931
7,Another-Dataset-on-used-Fiat-500,0.5,growing_feature,2,0.9545454545454546,3413.719849911085
8,Another-Dataset-on-used-Fiat-500,0.5,growing_feature,3,0.961038961038961,3600.9786348095545
9,Another-Dataset-on-used-Fiat-500,0.5,growing_feature,4,0.8701298701298701,2768.0532247377023
10,Another-Dataset-on-used-Fiat-500,1.0,growing_feature,0,1.0,9443.227334658257
11,Another-Dataset-on-used-Fiat-500,1.0,growing_feature,1,0.9967532467532467,7077.444322759818
12,Another-Dataset-on-used-Fiat-500,1.0,growing_feature,2,0.9577922077922078,4204.41806203802
13,Another-Dataset-on-used-Fiat-500,1.0,growing_feature,3,0.987012987012987,5262.550643633212
14,Another-Dataset-on-used-Fiat-500,1.0,growing_feature,4,0.8798701298701299,3727.7299025405982
15,Another-Dataset-on-used-Fiat-500,1.5,growing_feature,0,1.0,14502.312495869402
16,Another-Dataset-on-used-Fiat-500,1.5,growing_feature,1,1.0,9200.997467848307
17,Another-Dataset-on-used-Fiat-500,1.5,growing_feature,2,0.961038961038961,4783.178692382477
18,Another-Dataset-on-used-Fiat-500,1.5,growing_feature,3,0.9967532467532467,6041.655495203622
19,Another-Dataset-on-used-Fiat-500,1.5,growing_feature,4,0.8961038961038961,4175.53381723652
,dataset,N,seed,MAP Epi UQ,MAP Alea UQ,MAP Total UQ
0,concrete_compressive_strength,25,0,86.35879154002042,56.66175429652081,143.02054583654123
1,concrete_compressive_strength,25,1,41.90782162940155,47.31851757081994,89.22633920022149
2,concrete_compressive_strength,25,2,41.90782162940155,47.31851757081994,89.22633920022149
3,concrete_compressive_strength,25,3,41.90782162940155,47.31851757081994,89.22633920022149
4,concrete_compressive_strength,25,4,41.90782162940155,47.31851757081994,89.22633920022149
5,concrete_compressive_strength,50,0,21.46888127912706,40.75602360003245,62.224904879159524
6,concrete_compressive_strength,50,1,36.081301119416935,47.339129972418746,83.42043109183568
7,concrete_compressive_strength,50,2,36.081301119416935,47.339129972418746,83.42043109183568
8,concrete_compressive_strength,50,3,36.081301119416935,47.339129972418746,83.42043109183568
9,concrete_compressive_strength,50,4,36.081301119416935,47.339129972418746,83.42043109183568
10,concrete_compressive_strength,75,0,28.59524723455783,48.8621457938223,77.45739302838012
11,concrete_compressive_strength,75,1,20.599604674302732,43.949875930850766,64.54948060515349
12,concrete_compressive_strength,75,2,20.599604674302732,43.949875930850766,64.54948060515349
13,concrete_compressive_strength,75,3,20.599604674302732,43.949875930850766,64.54948060515349
14,concrete_compressive_strength,75,4,20.599604674302732,43.949875930850766,64.54948060515349
15,concrete_compressive_strength,100,0,20.59165883091689,46.822554579146086,67.41421341006297
16,concrete_compressive_strength,100,1,21.476164946710174,48.090058642880244,69.56622358959042
17,concrete_compressive_strength,100,2,21.476164946710174,48.090058642880244,69.56622358959042
18,concrete_compressive_strength,100,3,21.476164946710174,48.090058642880244,69.56622358959042
19,concrete_compressive_strength,100,4,21.476164946710174,48.090058642880244,69.56622358959042
,dataset,N,seed,MAPPIE Coverage,MAPPIE Mean Width
0,concrete_compressive_strength,50,0,0.941747572815534,28.679279937561642
1,concrete_compressive_strength,50,1,0.970873786407767,37.2249219073813
2,concrete_compressive_strength,50,2,0.970873786407767,37.2249219073813
3,concrete_compressive_strength,50,3,0.970873786407767,37.2249219073813
4,concrete_compressive_strength,50,4,0.970873786407767,37.2249219073813
5,concrete_compressive_strength,75,0,0.9563106796116505,26.52260388359098
6,concrete_compressive_strength,75,1,0.9757281553398058,37.482372396216526
7,concrete_compressive_strength,75,2,0.9757281553398058,37.482372396216526
8,concrete_compressive_strength,75,3,0.9757281553398058,37.482372396216526
9,concrete_compressive_strength,75,4,0.9757281553398058,37.482372396216526
10,concrete_compressive_strength,100,0,0.9902912621359223,31.39932381027567
11,concrete_compressive_strength,100,1,0.9466019417475728,29.648342828632273
12,concrete_compressive_strength,100,2,0.9466019417475728,29.648342828632273
13,concrete_compressive_strength,100,3,0.9466019417475728,29.648342828632273
14,concrete_compressive_strength,100,4,0.9466019417475728,29.648342828632273
,dataset,noise_scale,seed,noise_mode,MAP Epi UQ,MAP Alea UQ,MAP Total UQ,Spearman_Alea_Error,Spearman_Total_Error
0,concrete_compressive_strength,0.2,0,growing_feature,39.9406865606652,60.979964987462296,100.9206515481275,0.19033038536379454,0.21041913331754677
1,concrete_compressive_strength,0.2,1,growing_feature,30.37414189912844,54.842288539451076,85.21643043857951,0.2670929039387481,0.2932574205438129
2,concrete_compressive_strength,0.2,2,growing_feature,30.571714099001216,54.39161444730636,84.9633285463076,0.3742411294944524,0.3974048258844767
3,concrete_compressive_strength,0.2,3,growing_feature,26.827898007921227,48.945574005523845,75.77347201344507,0.2333576995542011,0.2833434573265108
4,concrete_compressive_strength,0.2,4,growing_feature,28.254883942374793,53.51624660862596,81.77113055100075,0.17893111223218608,0.18714561734051277
5,concrete_compressive_strength,0.5,0,growing_feature,83.62918274711329,97.03906617508771,180.66824892220103,0.21454285880976157,0.2283334534485066
6,concrete_compressive_strength,0.5,1,growing_feature,71.3534091151057,89.89045718947106,161.24386630457676,0.2939959572664532,0.31254723100206944
7,concrete_compressive_strength,0.5,2,growing_feature,67.78354790846285,85.58811078722499,153.3716586956878,0.4167303277085113,0.408898818409881
8,concrete_compressive_strength,0.5,3,growing_feature,68.69307532517026,83.9114434365148,152.60451876168506,0.1566761729246672,0.18481469660623157
9,concrete_compressive_strength,0.5,4,growing_feature,62.305068783332366,83.21552774663958,145.52059652997195,0.22525301403288406,0.23751574366735645
10,concrete_compressive_strength,1.0,0,growing_feature,211.98012601912504,203.6912092205895,415.67133523971455,0.2999069965372511,0.31244427513924783
11,concrete_compressive_strength,1.0,1,growing_feature,198.68387036264923,199.93763088106436,398.6215012437137,0.325512805993404,0.3235127167649895
12,concrete_compressive_strength,1.0,2,growing_feature,180.4669370063481,181.58039245248364,362.04732945883177,0.3797101449275362,0.3444168751522889
13,concrete_compressive_strength,1.0,3,growing_feature,208.27683614886436,201.41198551541953,409.68882166428386,0.27965214645814673,0.2928675610099284
14,concrete_compressive_strength,1.0,4,growing_feature,173.57766094894131,176.96570223619133,350.54336318513265,0.26701191199332847,0.26942519741786697
15,concrete_compressive_strength,1.5,0,growing_feature,408.61128219216243,370.9132094142839,779.5244916064463,0.3079471630511999,0.31454320199597097
16,concrete_compressive_strength,1.5,1,growing_feature,406.90706237586915,379.000937805182,785.908000181051,0.31447593749892755,0.31119919557152514
17,concrete_compressive_strength,1.5,2,growing_feature,362.6648018953754,338.9442895560354,701.6090914514108,0.3656381375970788,0.3552313589830706
18,concrete_compressive_strength,1.5,3,growing_feature,429.50381617448375,389.7085811815775,819.2123973560612,0.3705635460744645,0.38211656662788657
19,concrete_compressive_strength,1.5,4,growing_feature,353.1048182043203,329.6729059395394,682.7777241438597,0.2905366402756472,0.29099239156173745
,dataset,noise_scale,noise_mode,seed,MAPPIE Coverage,MAPPIE Mean Width
0,concrete_compressive_strength,0.2,growing_feature,0,0.9902912621359223,42.004278575909716
1,concrete_compressive_strength,0.2,growing_feature,1,0.9902912621359223,37.370402949208696
2,concrete_compressive_strength,0.2,growing_feature,2,0.9611650485436893,31.667261591436105
3,concrete_compressive_strength,0.2,growing_feature,3,0.9805825242718447,32.72235991826077
4,concrete_compressive_strength,0.2,growing_feature,4,0.9223300970873787,25.78725379697626
5,concrete_compressive_strength,0.5,growing_feature,0,1.0,59.147956911406474
6,concrete_compressive_strength,0.5,growing_feature,1,1.0,65.64914018373987
7,concrete_compressive_strength,0.5,growing_feature,2,0.9902912621359223,43.12477869735051
8,concrete_compressive_strength,0.5,growing_feature,3,1.0,45.615101897228065
9,concrete_compressive_strength,0.5,growing_feature,4,0.9757281553398058,34.43368384207074
10,concrete_compressive_strength,1.0,growing_feature,0,1.0,76.21217445661918
11,concrete_compressive_strength,1.0,growing_feature,1,1.0,111.12666149824435
12,concrete_compressive_strength,1.0,growing_feature,2,0.9902912621359223,62.16101665258273
13,concrete_compressive_strength,1.0,growing_feature,3,1.0,70.69981504300793
14,concrete_compressive_strength,1.0,growing_feature,4,0.9951456310679612,63.69453489532396
15,concrete_compressive_strength,1.5,growing_feature,0,1.0,97.56129507486658
16,concrete_compressive_strength,1.5,growing_feature,1,1.0,155.8110804670029
17,concrete_compressive_strength,1.5,growing_feature,2,0.9805825242718447,87.26205882854352
18,concrete_compressive_strength,1.5,growing_feature,3,1.0,95.03408754908193
19,concrete_compressive_strength,1.5,growing_feature,4,1.0,97.36376092268694
,dataset,N,seed,MAP Epi UQ,MAP Alea UQ,MAP Total UQ
0,diamonds,25,0,529344.8527588289,511668.8065698121,1041013.6593286407
1,diamonds,25,1,1563154.843229131,982266.6904491374,2545421.5336782685
2,diamonds,25,2,1563154.843229131,982266.6904491374,2545421.5336782685
3,diamonds,25,3,1563154.843229131,982266.6904491374,2545421.5336782685
4,diamonds,25,4,1563154.843229131,982266.6904491374,2545421.5336782685
5,diamonds,50,0,1078415.7531301428,1094985.3498892356,2173401.103019378
6,diamonds,50,1,919625.9596828121,1120670.4567680308,2040296.416450843
7,diamonds,50,2,919625.9596828121,1120670.4567680308,2040296.416450843
8,diamonds,50,3,919625.9596828121,1120670.4567680308,2040296.416450843
9,diamonds,50,4,919625.9596828121,1120670.4567680308,2040296.416450843
10,diamonds,75,0,542098.7730661161,973963.9842196442,1516062.7572857602
11,diamonds,75,1,809577.5279465392,1070887.4522933243,1880464.9802398635
12,diamonds,75,2,809577.5279465392,1070887.4522933243,1880464.9802398635
13,diamonds,75,3,809577.5279465392,1070887.4522933243,1880464.9802398635
14,diamonds,75,4,809577.5279465392,1070887.4522933243,1880464.9802398635
15,diamonds,100,0,624040.8172153635,1020227.7983153079,1644268.6155306716
16,diamonds,100,1,516051.48094511067,997832.0867507941,1513883.5676959048
17,diamonds,100,2,516051.48094511067,997832.0867507941,1513883.5676959048
18,diamonds,100,3,516051.48094511067,997832.0867507941,1513883.5676959048
19,diamonds,100,4,516051.48094511067,997832.0867507941,1513883.5676959048
,dataset,N,seed,MAPPIE Coverage,MAPPIE Mean Width
0,diamonds,50,0,0.7375,2983.0585581588743
1,diamonds,50,1,0.845,3070.372328033447
2,diamonds,50,2,0.845,3070.372328033447
3,diamonds,50,3,0.845,3070.372328033447
4,diamonds,50,4,0.845,3070.372328033447
5,diamonds,75,0,0.93,2812.99763256073
6,diamonds,75,1,0.9675,6502.584854469299
7,diamonds,75,2,0.9675,6502.584854469299
8,diamonds,75,3,0.9675,6502.584854469299
9,diamonds,75,4,0.9675,6502.584854469299
10,diamonds,100,0,0.9425,3073.6941185760497
11,diamonds,100,1,0.8175,3078.5567723083495
12,diamonds,100,2,0.8175,3078.5567723083495
13,diamonds,100,3,0.8175,3078.5567723083495
14,diamonds,100,4,0.8175,3078.5567723083495
,dataset,noise_scale,seed,noise_mode,MAP Epi UQ,MAP Alea UQ,MAP Total UQ,Spearman_Alea_Error,Spearman_Total_Error
0,diamonds,0.2,0,growing_feature,1141557.214681928,1439046.1007700893,2580603.3154520174,0.6848234676466727,0.6857913486959294
1,diamonds,0.2,1,growing_feature,1302617.6159735562,1468149.494576333,2770767.11054989,0.6687764613995802,0.669456903248029
2,diamonds,0.2,2,growing_feature,988782.4428151145,1267917.5184765349,2256699.9612916494,0.6464483831046631,0.6507489101845444
3,diamonds,0.2,3,growing_feature,1123975.9947688614,1334541.5664804268,2458517.561249288,0.6866947293420582,0.6904042525265782
4,diamonds,0.2,4,growing_feature,661064.7609218396,1147060.48814353,1808125.2490653696,0.6848310023495776,0.6890074042351648
5,diamonds,0.5,0,growing_feature,1852254.9553397913,1883811.9337634193,3736066.88910321,0.6826038287739298,0.6826522040762754
6,diamonds,0.5,1,growing_feature,1835929.7290163585,1811090.5266788357,3647020.255695194,0.6690878381624817,0.6704042839519763
7,diamonds,0.5,2,growing_feature,1486752.216586369,1626428.801641455,3113181.0182278245,0.6391373071081694,0.6412821330133313
8,diamonds,0.5,3,growing_feature,2163765.29829614,1986283.1636009607,4150048.461897101,0.6281555509721936,0.6280424877655484
9,diamonds,0.5,4,growing_feature,1232684.7430193515,1489994.994581523,2722679.737600875,0.5915673222957643,0.5892237451484071
10,diamonds,1.0,0,growing_feature,3783170.392939106,3168147.4999520998,6951317.892891207,0.6444859655372845,0.6457120357002231
11,diamonds,1.0,1,growing_feature,3371246.70662649,2774114.4803202795,6145361.186946771,0.6138147113419458,0.6141689010556316
12,diamonds,1.0,2,growing_feature,2865627.2344703465,2602851.1801233683,5468478.414593715,0.644776967356046,0.6466442915268221
13,diamonds,1.0,3,growing_feature,4567075.300731586,3417011.783992915,7984087.084724503,0.6294751842199015,0.6303976899855623
14,diamonds,1.0,4,growing_feature,2795223.0284736822,2459788.2156638955,5255011.244137579,0.5088933680835505,0.503097519359496
15,diamonds,1.5,0,growing_feature,6748194.912162876,5176584.046058785,11924778.958221663,0.6564161026006411,0.6549804061275383
16,diamonds,1.5,1,growing_feature,5068373.386036315,3968724.613909091,9037097.999945406,0.6692944330902069,0.6695663097894362
17,diamonds,1.5,2,growing_feature,4943723.729468163,4073545.302699784,9017269.032167947,0.5855822848892805,0.5835677722985768
18,diamonds,1.5,3,growing_feature,7363322.15601153,5276326.29975518,12639648.455766711,0.6427759548497177,0.6433510209438807
19,diamonds,1.5,4,growing_feature,4716219.600432837,3724664.7731786435,8440884.373611482,0.38501546884668025,0.3811692573078581
,dataset,noise_scale,noise_mode,seed,MAPPIE Coverage,MAPPIE Mean Width
0,diamonds,0.2,growing_feature,0,0.985,3624.462442878162
1,diamonds,0.2,growing_feature,1,0.9775,3758.3321877241474
2,diamonds,0.2,growing_feature,2,0.915,3912.7957128736434
3,diamonds,0.2,growing_feature,3,0.9375,4510.669906679586
4,diamonds,0.2,growing_feature,4,0.96,3986.8055276927025
5,diamonds,0.5,growing_feature,0,0.9925,5025.229589321404
6,diamonds,0.5,growing_feature,1,0.9875,4889.307572595742
7,diamonds,0.5,growing_feature,2,0.9925,5408.119901396416
8,diamonds,0.5,growing_feature,3,0.985,5923.61445247749
9,diamonds,0.5,growing_feature,4,0.9875,5132.636040043602
10,diamonds,1.0,growing_feature,0,0.9975,7352.058014418278
11,diamonds,1.0,growing_feature,1,0.9975,7656.470862196514
12,diamonds,1.0,growing_feature,2,0.995,7521.79327111091
13,diamonds,1.0,growing_feature,3,0.9925,8235.709244507254
14,diamonds,1.0,growing_feature,4,0.995,7402.96427676362
15,diamonds,1.5,growing_feature,0,0.9975,10340.232065624814
16,diamonds,1.5,growing_feature,1,0.9975,10143.550168561083
17,diamonds,1.5,growing_feature,2,0.9975,10420.879358405358
18,diamonds,1.5,growing_feature,3,0.9975,10408.707310292864
19,diamonds,1.5,growing_feature,4,0.9975,9325.598735462867
,dataset,N,seed,MAP Epi UQ,MAP Alea UQ,MAP Total UQ
0,Food_Delivery_Time,25,0,63.88765421275591,36.12128085517624,100.00893506793216
1,Food_Delivery_Time,25,1,61.02197874004794,29.74278941663034,90.76476815667827
2,Food_Delivery_Time,25,2,61.02197874004794,29.74278941663034,90.76476815667827
3,Food_Delivery_Time,25,3,61.02197874004794,29.74278941663034,90.76476815667827
4,Food_Delivery_Time,25,4,61.02197874004794,29.74278941663034,90.76476815667827
5,Food_Delivery_Time,50,0,49.20829501405586,34.325874827101224,83.53416984115707
6,Food_Delivery_Time,50,1,49.29751559863913,38.03119449573682,87.32871009437595
7,Food_Delivery_Time,50,2,49.29751559863913,38.03119449573682,87.32871009437595
8,Food_Delivery_Time,50,3,49.29751559863913,38.03119449573682,87.32871009437595
9,Food_Delivery_Time,50,4,49.29751559863913,38.03119449573682,87.32871009437595
10,Food_Delivery_Time,75,0,52.593185290747996,44.80338410007298,97.39656939082099
11,Food_Delivery_Time,75,1,48.0552974381324,43.91515113628576,91.97044857441816
12,Food_Delivery_Time,75,2,48.0552974381324,43.91515113628576,91.97044857441816
13,Food_Delivery_Time,75,3,48.0552974381324,43.91515113628576,91.97044857441816
14,Food_Delivery_Time,75,4,48.0552974381324,43.91515113628576,91.97044857441816
15,Food_Delivery_Time,100,0,47.65940550005078,48.89527311972902,96.5546786197798
16,Food_Delivery_Time,100,1,36.51975186457001,38.55850683867044,75.07825870324045
17,Food_Delivery_Time,100,2,36.51975186457001,38.55850683867044,75.07825870324045
18,Food_Delivery_Time,100,3,36.51975186457001,38.55850683867044,75.07825870324045
19,Food_Delivery_Time,100,4,36.51975186457001,38.55850683867044,75.07825870324045
,dataset,N,seed,MAPPIE Coverage,MAPPIE Mean Width
0,Food_Delivery_Time,50,0,0.9475,32.03028728723526
1,Food_Delivery_Time,50,1,0.97,41.00116909265518
2,Food_Delivery_Time,50,2,0.97,41.00116909265518
3,Food_Delivery_Time,50,3,0.97,41.00116909265518
4,Food_Delivery_Time,50,4,0.97,41.00116909265518
5,Food_Delivery_Time,75,0,0.9875,41.350153737068176
6,Food_Delivery_Time,75,1,0.96,34.8665353345871
7,Food_Delivery_Time,75,2,0.96,34.8665353345871
8,Food_Delivery_Time,75,3,0.96,34.8665353345871
9,Food_Delivery_Time,75,4,0.96,34.8665353345871
10,Food_Delivery_Time,100,0,0.9025,32.43931090116501
11,Food_Delivery_Time,100,1,0.925,29.345266530513765
12,Food_Delivery_Time,100,2,0.925,29.345266530513765
13,Food_Delivery_Time,100,3,0.925,29.345266530513765
14,Food_Delivery_Time,100,4,0.925,29.345266530513765
,dataset,noise_scale,seed,noise_mode,MAP Epi UQ,MAP Alea UQ,MAP Total UQ,Spearman_Alea_Error,Spearman_Total_Error
0,Food_Delivery_Time,0.2,0,growing_feature,41.55257052865187,41.631055798356776,83.18362632700864,-0.13710329439558996,-0.13111938199613749
1,Food_Delivery_Time,0.2,1,growing_feature,30.151000052800747,33.37033517848342,63.521335231284176,-0.008112425702660641,-0.005276657979112369
2,Food_Delivery_Time,0.2,2,growing_feature,45.79153736809098,42.97154475641264,88.76308212450364,-0.030855380346127163,-0.004022087638047738
3,Food_Delivery_Time,0.2,3,growing_feature,32.24164614422595,35.711855570071975,67.95350171429794,0.10024750154688465,0.09658691616822605
4,Food_Delivery_Time,0.2,4,growing_feature,39.9919559533012,43.14128184715324,83.13323780045444,0.03643410271314195,-0.006913730710816942
5,Food_Delivery_Time,0.5,0,growing_feature,62.321221132012035,56.41611593999043,118.73733707200249,-0.20116794479965497,-0.1920400127500797
6,Food_Delivery_Time,0.5,1,growing_feature,41.40345289730498,42.95766496794866,84.36111786525362,0.007686423040144,-0.001417883861774136
7,Food_Delivery_Time,0.5,2,growing_feature,60.23811810031072,53.19966051881749,113.43777861912822,-0.052454015337595854,-0.035924474527965794
8,Food_Delivery_Time,0.5,3,growing_feature,51.39617603712615,48.89412900580983,100.29030504293598,0.05109688185551159,0.060118500740629625
9,Food_Delivery_Time,0.5,4,growing_feature,58.608778042351275,55.73942685116003,114.34820489351132,-0.05831192694954343,-0.0647139669622935
10,Food_Delivery_Time,1.0,0,growing_feature,133.27120422060057,106.90081028980244,240.17201451040302,-0.2672039825248908,-0.25741398383739894
11,Food_Delivery_Time,1.0,1,growing_feature,84.66459846229836,76.92853613002639,161.59313459232476,0.08199407496296851,0.07666322914518216
12,Food_Delivery_Time,1.0,2,growing_feature,112.62448732724995,90.91926513594353,203.5437524631935,0.08852117825736411,0.09230382689891811
13,Food_Delivery_Time,1.0,3,growing_feature,121.98783856197372,97.8483581410311,219.83619670300482,0.03255151594697467,0.0479547372171076
14,Food_Delivery_Time,1.0,4,growing_feature,98.46844292392012,83.65520397740028,182.12364690132043,-0.0713597584984906,-0.06770536065850412
15,Food_Delivery_Time,1.5,0,growing_feature,252.5480711778984,191.0576015616697,443.6056727395681,-0.2475420471377946,-0.22989743685898034
16,Food_Delivery_Time,1.5,1,growing_feature,162.1767769315051,137.20911476025628,299.38589169176134,0.12774379839873998,0.1252710329439559
17,Food_Delivery_Time,1.5,2,growing_feature,219.75680747257942,167.33967359177564,387.09648106435503,0.009739748373427334,0.009076744229651434
18,Food_Delivery_Time,1.5,3,growing_feature,220.92239655293253,167.35600602323615,388.27840257616873,-0.019683123019518873,0.004159525997037481
19,Food_Delivery_Time,1.5,4,growing_feature,176.3325096604376,138.34199548307836,314.67450514351594,-0.03364352277201732,-0.03215645097781861
,dataset,noise_scale,noise_mode,seed,MAPPIE Coverage,MAPPIE Mean Width
0,Food_Delivery_Time,0.2,growing_feature,0,0.9725,36.565443005493705
1,Food_Delivery_Time,0.2,growing_feature,1,0.955,34.4586616052969
2,Food_Delivery_Time,0.2,growing_feature,2,0.935,29.709459952466453
3,Food_Delivery_Time,0.2,growing_feature,3,0.925,30.945767193211694
4,Food_Delivery_Time,0.2,growing_feature,4,0.9075,33.50677398976207
5,Food_Delivery_Time,0.5,growing_feature,0,0.9825,38.953994075487984
6,Food_Delivery_Time,0.5,growing_feature,1,0.9975,46.87876449503812
7,Food_Delivery_Time,0.5,growing_feature,2,0.9475,33.588346148874834
8,Food_Delivery_Time,0.5,growing_feature,3,0.9325,32.500529737208204
9,Food_Delivery_Time,0.5,growing_feature,4,0.9975,43.980102632939186
10,Food_Delivery_Time,1.0,growing_feature,0,1.0,53.969092338772604
11,Food_Delivery_Time,1.0,growing_feature,1,1.0,67.72306414545957
12,Food_Delivery_Time,1.0,growing_feature,2,0.98,48.50909422443678
13,Food_Delivery_Time,1.0,growing_feature,3,1.0,47.8343132832279
14,Food_Delivery_Time,1.0,growing_feature,4,1.0,50.95224012516117
15,Food_Delivery_Time,1.5,growing_feature,0,1.0,79.6066333859861
16,Food_Delivery_Time,1.5,growing_feature,1,1.0,93.24627892985737
17,Food_Delivery_Time,1.5,growing_feature,2,0.995,65.94225846779082
18,Food_Delivery_Time,1.5,growing_feature,3,1.0,58.73814616992913
19,Food_Delivery_Time,1.5,growing_feature,4,1.0,68.727162255747
,dataset,N,seed,MAP Epi UQ,MAP Alea UQ,MAP Total UQ
0,healthcare_insurance_expenses,25,0,17078660.676730264,17622065.62658046,34700726.30331072
1,healthcare_insurance_expenses,25,1,22426379.383091185,19372666.160339635,41799045.54343083
2,healthcare_insurance_expenses,25,2,22426379.383091185,19372666.160339635,41799045.54343083
3,healthcare_insurance_expenses,25,3,22426379.383091185,19372666.160339635,41799045.54343083
4,healthcare_insurance_expenses,25,4,22426379.383091185,19372666.160339635,41799045.54343083
5,healthcare_insurance_expenses,50,0,16160283.2879333,21512707.5549998,37672990.842933096
6,healthcare_insurance_expenses,50,1,25985866.892631818,29502601.248505294,55488468.141137116
7,healthcare_insurance_expenses,50,2,25985866.892631818,29502601.248505294,55488468.141137116
8,healthcare_insurance_expenses,50,3,25985866.892631818,29502601.248505294,55488468.141137116
9,healthcare_insurance_expenses,50,4,25985866.892631818,29502601.248505294,55488468.141137116
10,healthcare_insurance_expenses,75,0,23655261.80610233,35442009.3187183,59097271.12482063
11,healthcare_insurance_expenses,75,1,14234973.153286062,23454187.415089082,37689160.56837515
12,healthcare_insurance_expenses,75,2,14234973.153286062,23454187.415089082,37689160.56837515
13,healthcare_insurance_expenses,75,3,14234973.153286062,23454187.415089082,37689160.56837515
14,healthcare_insurance_expenses,75,4,14234973.153286062,23454187.415089082,37689160.56837515
15,healthcare_insurance_expenses,100,0,9648301.815812517,19475565.06934065,29123866.88515317
16,healthcare_insurance_expenses,100,1,9013883.768459206,18790808.96292944,27804692.73138864
17,healthcare_insurance_expenses,100,2,9013883.768459206,18790808.96292944,27804692.73138864
18,healthcare_insurance_expenses,100,3,9013883.768459206,18790808.96292944,27804692.73138864
19,healthcare_insurance_expenses,100,4,9013883.768459206,18790808.96292944,27804692.73138864
,dataset,N,seed,MAPPIE Coverage,MAPPIE Mean Width
0,healthcare_insurance_expenses,50,0,0.9514925373134329,29643.584664146532
1,healthcare_insurance_expenses,50,1,0.8097014925373134,11796.274976398528
2,healthcare_insurance_expenses,50,2,0.8097014925373134,11796.274976398528
3,healthcare_insurance_expenses,50,3,0.8097014925373134,11796.274976398528
4,healthcare_insurance_expenses,50,4,0.8097014925373134,11796.274976398528
5,healthcare_insurance_expenses,75,0,0.8768656716417911,34313.745037866945
6,healthcare_insurance_expenses,75,1,0.9888059701492538,28961.213475154866
7,healthcare_insurance_expenses,75,2,0.9888059701492538,28961.213475154866
8,healthcare_insurance_expenses,75,3,0.9888059701492538,28961.213475154866
9,healthcare_insurance_expenses,75,4,0.9888059701492538,28961.213475154866
10,healthcare_insurance_expenses,100,0,0.9738805970149254,28034.07096547772
11,healthcare_insurance_expenses,100,1,0.9104477611940298,23338.470299055654
12,healthcare_insurance_expenses,100,2,0.9104477611940298,23338.470299055654
13,healthcare_insurance_expenses,100,3,0.9104477611940298,23338.470299055654
14,healthcare_insurance_expenses,100,4,0.9104477611940298,23338.470299055654
,dataset,noise_scale,seed,noise_mode,MAP Epi UQ,MAP Alea UQ,MAP Total UQ,Spearman_Alea_Error,Spearman_Total_Error
0,healthcare_insurance_expenses,0.2,0,growing_feature,11250763.611266913,21258765.585522372,32509529.196789287,0.5366201863162363,0.5348228574349754
1,healthcare_insurance_expenses,0.2,1,growing_feature,13813122.443182088,24369326.239615336,38182448.68279743,0.5709926205404205,0.579896973093681
2,healthcare_insurance_expenses,0.2,2,growing_feature,9903674.392147971,19004126.56982813,28907800.9619761,0.34256352837541537,0.3551965746639593
3,healthcare_insurance_expenses,0.2,3,growing_feature,14599774.515070582,25610382.58088407,40210157.09595465,0.21489956341678262,0.2330305782810603
4,healthcare_insurance_expenses,0.2,4,growing_feature,19805177.79687058,32316492.982536558,52121670.77940713,0.34667999129701305,0.35712419897920694
5,healthcare_insurance_expenses,0.5,0,growing_feature,25887012.001710247,42237557.37627119,68124569.37798144,0.5392672409224916,0.5346246088799143
6,healthcare_insurance_expenses,0.5,1,growing_feature,33738203.863283545,53634510.980902575,87372714.84418613,0.42138765593958416,0.41971812853958784
7,healthcare_insurance_expenses,0.5,2,growing_feature,29984371.66361621,47458060.20639818,77442431.87001438,0.5920724268054489,0.5935125342337225
8,healthcare_insurance_expenses,0.5,3,growing_feature,33764738.02599638,53892595.97746811,87657334.00346449,-0.14492031717275114,-0.15401980116542718
9,healthcare_insurance_expenses,0.5,4,growing_feature,35465680.52704139,54547581.10907291,90013261.63611428,0.27001889595504364,0.26872778665463043
10,healthcare_insurance_expenses,1.0,0,growing_feature,72172684.24339291,109238284.6681136,181410968.91150653,0.5988951695305685,0.594901520965408
11,healthcare_insurance_expenses,1.0,1,growing_feature,85981759.75528495,127959654.07001917,213941413.82530412,0.13204413586384936,0.10839582630683513
12,healthcare_insurance_expenses,1.0,2,growing_feature,83937387.44158372,123859496.80443944,207796884.24602315,0.6276555487463896,0.6230995725187602
13,healthcare_insurance_expenses,1.0,3,growing_feature,99575859.15965493,147555033.35610723,247130892.51576212,-0.09540992252720774,-0.10193965638163967
14,healthcare_insurance_expenses,1.0,4,growing_feature,80265457.67994659,117719038.64687186,197984496.32681844,0.2132125804293764,0.21205238998607895
15,healthcare_insurance_expenses,1.5,0,growing_feature,148569861.2113965,218923047.10120407,367492908.31260055,0.6653078120528886,0.6630267068234285
16,healthcare_insurance_expenses,1.5,1,growing_feature,174556386.88339734,258443243.56958345,432999630.45298076,0.3801029520955433,0.3709037204022076
17,healthcare_insurance_expenses,1.5,2,growing_feature,176705419.97603616,257004793.89285496,433710213.86889106,0.5056809432641313,0.5043306087664513
18,healthcare_insurance_expenses,1.5,3,growing_feature,199809920.50539643,291394345.3758684,491204265.88126475,-0.01726258644540964,-0.02572867253889692
19,healthcare_insurance_expenses,1.5,4,growing_feature,154681534.9212402,222487769.64368212,377169304.56492233,0.39499029641899513,0.39794033466600415
,dataset,noise_scale,noise_mode,seed,MAPPIE Coverage,MAPPIE Mean Width
0,healthcare_insurance_expenses,0.2,growing_feature,0,0.9067164179104478,16254.859783955128
1,healthcare_insurance_expenses,0.2,growing_feature,1,0.9888059701492538,27810.57887942798
2,healthcare_insurance_expenses,0.2,growing_feature,2,0.9365671641791045,20681.458254286394
3,healthcare_insurance_expenses,0.2,growing_feature,3,0.9104477611940298,21268.394476210622
4,healthcare_insurance_expenses,0.2,growing_feature,4,0.9925373134328358,36762.84728628185
5,healthcare_insurance_expenses,0.5,growing_feature,0,0.9104477611940298,22763.427836649786
6,healthcare_insurance_expenses,0.5,growing_feature,1,0.996268656716418,35398.44805567706
7,healthcare_insurance_expenses,0.5,growing_feature,2,0.9477611940298507,31708.616241712833
8,healthcare_insurance_expenses,0.5,growing_feature,3,0.9701492537313433,38446.94103209386
9,healthcare_insurance_expenses,0.5,growing_feature,4,0.9888059701492538,42776.5379246145
10,healthcare_insurance_expenses,1.0,growing_feature,0,0.9440298507462687,45367.75765080029
11,healthcare_insurance_expenses,1.0,growing_feature,1,1.0,57954.45167935128
12,healthcare_insurance_expenses,1.0,growing_feature,2,0.9850746268656716,56695.49620960335
13,healthcare_insurance_expenses,1.0,growing_feature,3,1.0,60407.744152482905
14,healthcare_insurance_expenses,1.0,growing_feature,4,0.9888059701492538,59702.146448709835
15,healthcare_insurance_expenses,1.5,growing_feature,0,0.9701492537313433,63126.71360547432
16,healthcare_insurance_expenses,1.5,growing_feature,1,1.0,82148.24887424149
17,healthcare_insurance_expenses,1.5,growing_feature,2,1.0,80239.32013211508
18,healthcare_insurance_expenses,1.5,growing_feature,3,1.0,85933.69244387426
19,healthcare_insurance_expenses,1.5,growing_feature,4,0.9776119402985075,75158.30936725138
,dataset,N,seed,MAP Epi UQ,MAP Alea UQ,MAP Total UQ
0,houses,25,0,0.18820124744431194,2.9732947840518587,3.1614960314961706
1,houses,25,1,0.15570549643960493,2.9276320137021448,3.0833375101417486
2,houses,25,2,0.15570549643960493,2.9276320137021448,3.0833375101417486
3,houses,25,3,0.15570549643960493,2.9276320137021448,3.0833375101417486
4,houses,25,4,0.15570549643960493,2.9276320137021448,3.0833375101417486
5,houses,50,0,0.06308488419010595,2.9328602779118977,2.9959451621020037
6,houses,50,1,0.052540274990370645,2.95344085094756,3.0059811259379305
7,houses,50,2,0.052540274990370645,2.95344085094756,3.0059811259379305
8,houses,50,3,0.052540274990370645,2.95344085094756,3.0059811259379305
9,houses,50,4,0.052540274990370645,2.95344085094756,3.0059811259379305
10,houses,75,0,0.03984088264051592,2.950029905014623,2.9898707876551383
11,houses,75,1,0.04257925272369009,2.9286833564093575,2.971262609133048
12,houses,75,2,0.04257925272369009,2.9286833564093575,2.971262609133048
13,houses,75,3,0.04257925272369009,2.9286833564093575,2.971262609133048
14,houses,75,4,0.04257925272369009,2.9286833564093575,2.971262609133048
15,houses,100,0,0.03290186876673632,2.9381951504824726,2.9710970192492088
16,houses,100,1,0.030813555426406018,2.941876386632467,2.9726899420588726
17,houses,100,2,0.030813555426406018,2.941876386632467,2.9726899420588726
18,houses,100,3,0.030813555426406018,2.941876386632467,2.9726899420588726
19,houses,100,4,0.030813555426406018,2.941876386632467,2.9726899420588726
,dataset,N,seed,MAPPIE Coverage,MAPPIE Mean Width
0,houses,50,0,0.9875,2.2748068275178177
1,houses,50,1,0.8425,1.199848697335935
2,houses,50,2,0.8425,1.199848697335935
3,houses,50,3,0.8425,1.199848697335935
4,houses,50,4,0.8425,1.199848697335935
5,houses,75,0,0.8925,1.0691922615132128
6,houses,75,1,0.8725,0.8917912512600432
7,houses,75,2,0.8725,0.8917912512600432
8,houses,75,3,0.8725,0.8917912512600432
9,houses,75,4,0.8725,0.8917912512600432
10,houses,100,0,0.9225,1.0203351935396971
11,houses,100,1,0.8125,0.8867176034773974
12,houses,100,2,0.8125,0.8867176034773974
13,houses,100,3,0.8125,0.8867176034773974
14,houses,100,4,0.8125,0.8867176034773974
,dataset,noise_scale,seed,noise_mode,MAP Epi UQ,MAP Alea UQ,MAP Total UQ,Spearman_Alea_Error,Spearman_Total_Error
0,houses,0.2,0,growing_feature,0.04628801034789291,3.006737941899114,3.0530259522470065,-0.07913486959293495,-0.0695524347027169
1,houses,0.2,1,growing_feature,0.03987860409152813,2.965400255155407,3.0052788592469346,-0.06469109181932386,-0.04499971874824217
2,houses,0.2,2,growing_feature,0.037184420466579444,2.9688064222273933,3.005990842693973,0.06759848499053119,0.09881630510190688
3,houses,0.2,3,growing_feature,0.06309831465787116,2.9660002461602186,3.0290985608180905,0.04292745579659873,0.052480640504003154
4,houses,0.2,4,growing_feature,0.043751517666225086,2.9593999175231955,3.003151435189421,0.057502109388183675,0.06813755085969286
5,houses,0.5,0,growing_feature,0.056995133651357596,3.023270021069011,3.080265154720369,-0.00623591397446234,0.0026578291114319466
6,houses,0.5,1,growing_feature,0.050609058760382,2.978378781828562,3.028987840588944,-0.0688978681116757,-0.054425215157594735
7,houses,0.5,2,growing_feature,0.04854010032235825,2.9665535834298216,3.01509368375218,0.11315189469934185,0.13572141075881725
8,houses,0.5,3,growing_feature,0.0758368314958833,2.970129808092329,3.045966639588213,0.054258901618135104,0.06258995368721054
9,houses,0.5,4,growing_feature,0.05644353233512371,2.962870502683657,3.019314035018781,0.11311664447902799,0.12666004162526015
10,houses,1.0,0,growing_feature,0.09444188676215941,3.060630833648737,3.155072720410896,0.10883130519565745,0.11636135225845161
11,houses,1.0,1,growing_feature,0.09526838263080205,3.0175203369434547,3.1127887195742563,-0.11866124163276019,-0.10974124838280239
12,houses,1.0,2,growing_feature,0.08769515508227153,2.982503997381302,3.0701991524635734,0.16128907055669095,0.1748052800330002
13,houses,1.0,3,growing_feature,0.11195571347154566,2.9858695076469504,3.0978252211184962,0.08063919149494685,0.08968837305233156
14,houses,1.0,4,growing_feature,0.09116889944885673,2.9816135996026687,3.072782499051525,0.1737145857161607,0.18669135432096448
15,houses,1.5,0,growing_feature,0.15928757532805002,3.118897470743523,3.278185046071574,0.19216995106219412,0.1947597172482328
16,houses,1.5,1,growing_feature,0.16021815789942478,3.075961386294847,3.236179544194272,-0.15000900005625034,-0.14227513921962012
17,houses,1.5,2,growing_feature,0.14403896087576237,3.0173733887472323,3.1614123496229944,0.1443194644966531,0.15733860836630228
18,houses,1.5,3,growing_feature,0.16692588875163508,3.0173908122544715,3.1843167010061064,0.1159775373596085,0.12476196726229538
19,houses,1.5,4,growing_feature,0.14404349509927283,3.018285900010375,3.162329395109648,0.16471696698104366,0.1879642997768736
,dataset,noise_scale,noise_mode,seed,MAPPIE Coverage,MAPPIE Mean Width
0,houses,0.2,growing_feature,0,0.95,1.19375621940899
1,houses,0.2,growing_feature,1,0.9675,1.3140269991760511
2,houses,0.2,growing_feature,2,0.8725,0.9856284781422842
3,houses,0.2,growing_feature,3,0.9725,1.6821586566485538
4,houses,0.2,growing_feature,4,0.915,1.3000016054735823
5,houses,0.5,growing_feature,0,0.9675,1.4180007707202447
6,houses,0.5,growing_feature,1,0.985,1.6336922428744105
7,houses,0.5,growing_feature,2,0.955,1.375317357481065
8,houses,0.5,growing_feature,3,0.97,1.7230709275275478
9,houses,0.5,growing_feature,4,0.95,1.5102005814466022
10,houses,1.0,growing_feature,0,0.98,1.8231682768006976
11,houses,1.0,growing_feature,1,0.995,2.339642143480417
12,houses,1.0,growing_feature,2,0.9775,2.06231628349219
13,houses,1.0,growing_feature,3,0.985,1.8906794983404345
14,houses,1.0,growing_feature,4,0.9725,1.6742671063545296
15,houses,1.5,growing_feature,0,0.985,2.2482799881744615
16,houses,1.5,growing_feature,1,0.995,3.1418147154727922
17,houses,1.5,growing_feature,2,0.9825,2.629828931839008
18,houses,1.5,growing_feature,3,0.985,2.0292671957035284
19,houses,1.5,growing_feature,4,0.99,1.9921361626859655
,dataset,N,seed,MAP Epi UQ,MAP Alea UQ,MAP Total UQ
0,miami_housing,25,0,17344230660.2501,7798979301.34864,25143209961.59874
1,miami_housing,25,1,34890935096.21972,9306611946.550222,44197547042.76994
2,miami_housing,25,2,34890935096.21972,9306611946.550222,44197547042.76994
3,miami_housing,25,3,34890935096.21972,9306611946.550222,44197547042.76994
4,miami_housing,25,4,34890935096.21972,9306611946.550222,44197547042.76994
5,miami_housing,50,0,20314303463.49731,9407634788.829123,29721938252.32643
6,miami_housing,50,1,15541098102.16523,7491759588.353499,23032857690.51873
7,miami_housing,50,2,15541098102.16523,7491759588.353499,23032857690.51873
8,miami_housing,50,3,15541098102.16523,7491759588.353499,23032857690.51873
9,miami_housing,50,4,15541098102.16523,7491759588.353499,23032857690.51873
10,miami_housing,75,0,19416572901.57688,9574205164.522451,28990778066.099335
11,miami_housing,75,1,17465593822.823135,9937852701.750805,27403446524.573936
12,miami_housing,75,2,17465593822.823135,9937852701.750805,27403446524.573936
13,miami_housing,75,3,17465593822.823135,9937852701.750805,27403446524.573936
14,miami_housing,75,4,17465593822.823135,9937852701.750805,27403446524.573936
15,miami_housing,100,0,16670774089.133966,10039750276.542664,26710524365.676632
16,miami_housing,100,1,18238604292.01039,10809395341.477236,29047999633.487625
17,miami_housing,100,2,18238604292.01039,10809395341.477236,29047999633.487625
18,miami_housing,100,3,18238604292.01039,10809395341.477236,29047999633.487625
19,miami_housing,100,4,18238604292.01039,10809395341.477236,29047999633.487625
,dataset,N,seed,MAPPIE Coverage,MAPPIE Mean Width
0,miami_housing,50,0,0.895,518566.6472460937
1,miami_housing,50,1,0.985,863205.8167578125
2,miami_housing,50,2,0.985,863205.8167578125
3,miami_housing,50,3,0.985,863205.8167578125
4,miami_housing,50,4,0.985,863205.8167578125
5,miami_housing,75,0,0.9525,658092.5497265625
6,miami_housing,75,1,0.9525,1037251.78421875
7,miami_housing,75,2,0.9525,1037251.78421875
8,miami_housing,75,3,0.9525,1037251.78421875
9,miami_housing,75,4,0.9525,1037251.78421875
10,miami_housing,100,0,0.9475,698914.912109375
11,miami_housing,100,1,0.9375,443002.9015020752
12,miami_housing,100,2,0.9375,443002.9015020752
13,miami_housing,100,3,0.9375,443002.9015020752
14,miami_housing,100,4,0.9375,443002.9015020752
,dataset,noise_scale,seed,noise_mode,MAP Epi UQ,MAP Alea UQ,MAP Total UQ,Spearman_Alea_Error,Spearman_Total_Error
0,miami_housing,0.2,0,growing_feature,15270822234.869898,8852415179.905537,24123237414.775436,0.5383064894155588,0.5559889749310933
1,miami_housing,0.2,1,growing_feature,23223614250.649307,11637480720.900856,34861094971.55016,0.5245896536853355,0.5644715279470497
2,miami_housing,0.2,2,growing_feature,18587891338.95373,11233164292.081188,29821055631.034916,0.440039750248439,0.43920612003825016
3,miami_housing,0.2,3,growing_feature,30515652539.666065,14559164406.378101,45074816946.04417,0.4115165094781842,0.45390358689741805
4,miami_housing,0.2,4,growing_feature,15247134497.660528,8834197054.677008,24081331552.337536,0.5429600810005062,0.567001293758086
5,miami_housing,0.5,0,growing_feature,43008540810.913506,17555132271.02488,60563673081.93838,0.5766690416815105,0.5631890199313746
6,miami_housing,0.5,1,growing_feature,51143969052.794876,19551729547.940292,70695698600.73515,0.6203802523765772,0.6413428833930211
7,miami_housing,0.5,2,growing_feature,34520140291.43925,16361693880.664919,50881834172.10417,0.4125547034668966,0.40277876736729606
8,miami_housing,0.5,3,growing_feature,66667210996.04703,24922633766.24908,91589844762.29611,0.45106294414340087,0.4590705566909793
9,miami_housing,0.5,4,growing_feature,38617385312.42843,15767507380.622862,54384892693.05129,0.5896182476140476,0.5578208613803837
10,miami_housing,1.0,0,growing_feature,135447846235.054,46617363528.13559,182065209763.1896,0.5517043856524103,0.5195389346183413
11,miami_housing,1.0,1,growing_feature,134073035060.32492,44213591376.273285,178286626436.5982,0.6755016593853711,0.680490690566816
12,miami_housing,1.0,2,growing_feature,103816203650.76987,36898416474.652275,140714620125.42215,0.4064877280483003,0.398892618078863
13,miami_housing,1.0,3,growing_feature,178369664390.83618,57542565137.95102,235912229528.7872,0.5047610297564359,0.4962668516678229
14,miami_housing,1.0,4,growing_feature,115986942011.6322,39527800078.234886,155514742089.8671,0.49667447921549507,0.4699486246789042
15,miami_housing,1.5,0,growing_feature,287136254027.6307,94548642439.67613,381684896467.3069,0.5003240020250126,0.44349127182044884
16,miami_housing,1.5,1,growing_feature,273730301719.6583,84868569550.00102,358598871269.65936,0.696228601428759,0.6993343708398178
17,miami_housing,1.5,2,growing_feature,217251965126.82315,70941032006.41711,288192997133.2403,0.39273789211182564,0.3836708979431121
18,miami_housing,1.5,3,growing_feature,365668145196.4908,112879314483.41028,478547459679.901,0.4619396996231226,0.4539894624341402
19,miami_housing,1.5,4,growing_feature,254079601105.3664,81568506154.49544,335648107259.8619,0.36906118163238516,0.35815517596984975
,dataset,noise_scale,noise_mode,seed,MAPPIE Coverage,MAPPIE Mean Width
0,miami_housing,0.2,growing_feature,0,0.98,541897.8772196833
1,miami_housing,0.2,growing_feature,1,0.95,560750.7860193262
2,miami_housing,0.2,growing_feature,2,0.9825,602396.0800067849
3,miami_housing,0.2,growing_feature,3,0.9625,524640.2742079586
4,miami_housing,0.2,growing_feature,4,0.9675,622839.424558468
5,miami_housing,0.5,growing_feature,0,0.98,881237.3399741268
6,miami_housing,0.5,growing_feature,1,0.9925,913058.5403984231
7,miami_housing,0.5,growing_feature,2,0.985,864191.145309871
8,miami_housing,0.5,growing_feature,3,1.0,936784.5468579468
9,miami_housing,0.5,growing_feature,4,0.965,985805.8816442243
10,miami_housing,1.0,growing_feature,0,0.98,1588553.19378498
11,miami_housing,1.0,growing_feature,1,1.0,1782684.9332554024
12,miami_housing,1.0,growing_feature,2,0.9975,1774480.6863553314
13,miami_housing,1.0,growing_feature,3,0.9975,1590279.8297878997
14,miami_housing,1.0,growing_feature,4,0.98,1605141.323436479
15,miami_housing,1.5,growing_feature,0,0.995,2358026.237158642
16,miami_housing,1.5,growing_feature,1,1.0,2682082.07901289
17,miami_housing,1.5,growing_feature,2,0.995,2633612.7744698254
18,miami_housing,1.5,growing_feature,3,0.995,2203842.220249702
19,miami_housing,1.5,growing_feature,4,0.9875,2334103.2364568724
,dataset,N,seed,MAP Epi UQ,MAP Alea UQ,MAP Total UQ
0,physiochemical_protein,25,0,31.97800116509684,12.30988990021665,44.28789106531349
1,physiochemical_protein,25,1,20.490910633694412,6.384171681362578,26.87508231505699
2,physiochemical_protein,25,2,20.490910633694412,6.384171681362578,26.87508231505699
3,physiochemical_protein,25,3,20.490910633694412,6.384171681362578,26.87508231505699
4,physiochemical_protein,25,4,20.490910633694412,6.384171681362578,26.87508231505699
5,physiochemical_protein,50,0,20.13828677093884,10.70397578822578,30.842262559164613
6,physiochemical_protein,50,1,23.115006079429882,12.395255720894477,35.51026180032436
7,physiochemical_protein,50,2,23.115006079429882,12.395255720894477,35.51026180032436
8,physiochemical_protein,50,3,23.115006079429882,12.395255720894477,35.51026180032436
9,physiochemical_protein,50,4,23.115006079429882,12.395255720894477,35.51026180032436
10,physiochemical_protein,75,0,16.478313356356114,11.503945466281259,27.982258822637373
11,physiochemical_protein,75,1,15.222790845860782,10.060022746356335,25.28281359221712
12,physiochemical_protein,75,2,15.222790845860782,10.060022746356335,25.28281359221712
13,physiochemical_protein,75,3,15.222790845860782,10.060022746356335,25.28281359221712
14,physiochemical_protein,75,4,15.222790845860782,10.060022746356335,25.28281359221712
15,physiochemical_protein,100,0,15.37580446279914,11.59005307877107,26.965857541570212
16,physiochemical_protein,100,1,15.915643654790983,12.46578371151365,28.381427366304628
17,physiochemical_protein,100,2,15.915643654790983,12.46578371151365,28.381427366304628
18,physiochemical_protein,100,3,15.915643654790983,12.46578371151365,28.381427366304628
19,physiochemical_protein,100,4,15.915643654790983,12.46578371151365,28.381427366304628
,dataset,N,seed,MAPPIE Coverage,MAPPIE Mean Width
0,physiochemical_protein,50,0,0.7975,13.45928540223837
1,physiochemical_protein,50,1,0.9825,19.233096432867352
2,physiochemical_protein,50,2,0.9825,19.233096432867352
3,physiochemical_protein,50,3,0.9825,19.233096432867352
4,physiochemical_protein,50,4,0.9825,19.233096432867352
5,physiochemical_protein,75,0,0.955,18.48856029885914
6,physiochemical_protein,75,1,0.9275,19.93768711997569
7,physiochemical_protein,75,2,0.9275,19.93768711997569
8,physiochemical_protein,75,3,0.9275,19.93768711997569
9,physiochemical_protein,75,4,0.9275,19.93768711997569
10,physiochemical_protein,100,0,0.9575,18.6897539242655
11,physiochemical_protein,100,1,0.935,16.999032560959453
12,physiochemical_protein,100,2,0.935,16.999032560959453
13,physiochemical_protein,100,3,0.935,16.999032560959453
14,physiochemical_protein,100,4,0.935,16.999032560959453
,dataset,noise_scale,seed,noise_mode,MAP Epi UQ,MAP Alea UQ,MAP Total UQ,Spearman_Alea_Error,Spearman_Total_Error
0,physiochemical_protein,0.2,0,growing_feature,16.902140037396933,12.826018312634455,29.72815835003139,0.3325920162001012,0.3374368589803686
1,physiochemical_protein,0.2,1,growing_feature,15.961959553700517,12.818504455237889,28.780464008938406,0.3025098906868168,0.3221350758442241
2,physiochemical_protein,0.2,2,growing_feature,13.145450937380573,10.573648841110511,23.719099778491085,0.32865842911518195,0.36220820130125814
3,physiochemical_protein,0.2,3,growing_feature,20.05424423160618,15.08594596199256,35.14019019359874,0.25284420527628293,0.250877880486753
4,physiochemical_protein,0.2,4,growing_feature,15.724829534930887,12.18627123821987,27.911100773150757,0.32199519996999976,0.3310110063187895
5,physiochemical_protein,0.5,0,growing_feature,18.848421034679777,14.033366938259014,32.88178797293879,0.3408358802242514,0.34249976562353507
6,physiochemical_protein,0.5,1,growing_feature,19.296852087968265,14.90785578934086,34.204707877309126,0.2528691429321433,0.2728280801755011
7,physiochemical_protein,0.5,2,growing_feature,14.80253626012132,11.621019356393122,26.42355561651444,0.3277079856749105,0.35255976599853744
8,physiochemical_protein,0.5,3,growing_feature,23.119677667265396,16.887625375192428,40.00730304245783,0.23409615060094122,0.2257352858455365
9,physiochemical_protein,0.5,4,growing_feature,17.891420256153026,13.463657704416654,31.355077960569684,0.3064684154275964,0.3197969362308514
10,physiochemical_protein,1.0,0,growing_feature,27.053493127983614,19.650040416096992,46.703533544080614,0.19539440871505442,0.14173532334577088
11,physiochemical_protein,1.0,1,growing_feature,28.042537589133893,20.772945029395125,48.815482618529025,0.09570453565334783,0.09287720548253425
12,physiochemical_protein,1.0,2,growing_feature,21.87052188923776,16.2287182621869,38.09924015142466,0.250967131044569,0.240266064162901
13,physiochemical_protein,1.0,3,growing_feature,31.812195483787903,23.029318838449015,54.841514322236925,0.18180338627116419,0.17572741079631746
14,physiochemical_protein,1.0,4,growing_feature,24.035641673392455,17.398184440411537,41.433826113803995,0.25275195469971684,0.2524705154407215
15,physiochemical_protein,1.5,0,growing_feature,40.70457799440192,29.132469493642844,69.83704748804476,-0.02534715841974012,-0.05329289558059737
16,physiochemical_protein,1.5,1,growing_feature,41.26378403621234,30.01343704948019,71.27722108569253,0.06650479065494158,0.06046087788048674
17,physiochemical_protein,1.5,2,growing_feature,32.44764328125515,23.6118734239391,56.059516705194234,0.08066337914611965,0.05467327920799504
18,physiochemical_protein,1.5,3,growing_feature,44.477653831446105,32.150520109769246,76.62817394121535,0.14273751710948193,0.13939493371833572
19,physiochemical_protein,1.5,4,growing_feature,33.390001018587526,24.07829880510242,57.46829982368995,0.22641085256782853,0.2254088463052894
,dataset,noise_scale,noise_mode,seed,MAPPIE Coverage,MAPPIE Mean Width
0,physiochemical_protein,0.2,growing_feature,0,0.8825,15.515679384184159
1,physiochemical_protein,0.2,growing_feature,1,0.9675,19.273268374822088
2,physiochemical_protein,0.2,growing_feature,2,0.9525,17.85775799567296
3,physiochemical_protein,0.2,growing_feature,3,0.945,17.968951632705274
4,physiochemical_protein,0.2,growing_feature,4,0.9175,15.793639097016117
5,physiochemical_protein,0.5,growing_feature,0,0.93,17.165416470659657
6,physiochemical_protein,0.5,growing_feature,1,0.9975,22.322096186682447
7,physiochemical_protein,0.5,growing_feature,2,0.9625,19.14997116291477
8,physiochemical_protein,0.5,growing_feature,3,0.955,19.50284214857339
9,physiochemical_protein,0.5,growing_feature,4,0.92,16.528127965247783
10,physiochemical_protein,1.0,growing_feature,0,0.9575,20.87363680464323
11,physiochemical_protein,1.0,growing_feature,1,1.0,30.591061000912642
12,physiochemical_protein,1.0,growing_feature,2,0.98,24.13920153122688
13,physiochemical_protein,1.0,growing_feature,3,0.965,23.20600538328483
14,physiochemical_protein,1.0,growing_feature,4,0.94,19.63117678522843
15,physiochemical_protein,1.5,growing_feature,0,0.995,26.74585607376082
16,physiochemical_protein,1.5,growing_feature,1,1.0,39.3902061701492
17,physiochemical_protein,1.5,growing_feature,2,1.0,29.039741993983508
18,physiochemical_protein,1.5,growing_feature,3,0.9825,28.073033861699596
19,physiochemical_protein,1.5,growing_feature,4,0.99,24.724848665435275
,dataset,N,seed,MAP Epi UQ,MAP Alea UQ,MAP Total UQ
0,QSAR_fish_toxicity,25,0,1.5013597549588051,1.1791151400595343,2.6804748950183397
1,QSAR_fish_toxicity,25,1,1.1325788136856882,0.9941667126955444,2.1267455263812325
2,QSAR_fish_toxicity,25,2,1.1325788136856882,0.9941667126955444,2.1267455263812325
3,QSAR_fish_toxicity,25,3,1.1325788136856882,0.9941667126955444,2.1267455263812325
4,QSAR_fish_toxicity,25,4,1.1325788136856882,0.9941667126955444,2.1267455263812325
5,QSAR_fish_toxicity,50,0,0.4823333347579516,0.793314987840472,1.2756483225984234
6,QSAR_fish_toxicity,50,1,0.44421127843313907,0.7556175603335791,1.1998288387667182
7,QSAR_fish_toxicity,50,2,0.44421127843313907,0.7556175603335791,1.1998288387667182
8,QSAR_fish_toxicity,50,3,0.44421127843313907,0.7556175603335791,1.1998288387667182
9,QSAR_fish_toxicity,50,4,0.44421127843313907,0.7556175603335791,1.1998288387667182
10,QSAR_fish_toxicity,75,0,0.37422587007588953,0.7994783862849145,1.1737042563608042
11,QSAR_fish_toxicity,75,1,0.46493023375611037,0.9121636658461862,1.3770938996022966
12,QSAR_fish_toxicity,75,2,0.46493023375611037,0.9121636658461862,1.3770938996022966
13,QSAR_fish_toxicity,75,3,0.46493023375611037,0.9121636658461862,1.3770938996022966
14,QSAR_fish_toxicity,75,4,0.46493023375611037,0.9121636658461862,1.3770938996022966
15,QSAR_fish_toxicity,100,0,0.39255253938447127,0.9099405427961983,1.3024930821806693
16,QSAR_fish_toxicity,100,1,0.356250271644754,0.8481540894750701,1.204404361119824
17,QSAR_fish_toxicity,100,2,0.356250271644754,0.8481540894750701,1.204404361119824
18,QSAR_fish_toxicity,100,3,0.356250271644754,0.8481540894750701,1.204404361119824
19,QSAR_fish_toxicity,100,4,0.356250271644754,0.8481540894750701,1.204404361119824
,dataset,N,seed,MAPPIE Coverage,MAPPIE Mean Width
0,QSAR_fish_toxicity,50,0,0.945054945054945,4.65306335587554
1,QSAR_fish_toxicity,50,1,0.9725274725274725,4.883976217298716
2,QSAR_fish_toxicity,50,2,0.9725274725274725,4.883976217298716
3,QSAR_fish_toxicity,50,3,0.9725274725274725,4.883976217298716
4,QSAR_fish_toxicity,50,4,0.9725274725274725,4.883976217298716
5,QSAR_fish_toxicity,75,0,0.8626373626373627,4.4764814841725995
6,QSAR_fish_toxicity,75,1,0.9560439560439561,4.364031228719666
7,QSAR_fish_toxicity,75,2,0.9560439560439561,4.364031228719666
8,QSAR_fish_toxicity,75,3,0.9560439560439561,4.364031228719666
9,QSAR_fish_toxicity,75,4,0.9560439560439561,4.364031228719666
10,QSAR_fish_toxicity,100,0,0.9560439560439561,3.955799580274743
11,QSAR_fish_toxicity,100,1,0.9505494505494505,3.9833426620357644
12,QSAR_fish_toxicity,100,2,0.9505494505494505,3.9833426620357644
13,QSAR_fish_toxicity,100,3,0.9505494505494505,3.9833426620357644
14,QSAR_fish_toxicity,100,4,0.9505494505494505,3.9833426620357644
,dataset,noise_scale,seed,noise_mode,MAP Epi UQ,MAP Alea UQ,MAP Total UQ,Spearman_Alea_Error,Spearman_Total_Error
0,QSAR_fish_toxicity,0.2,0,growing_feature,0.495220566035915,1.0472215348708265,1.5424421009067415,0.197415311365604,0.2208306854313228
1,QSAR_fish_toxicity,0.2,1,growing_feature,0.2320156176146602,0.6737906857219242,0.9058063033365844,0.12350848416913973,0.22830338068276448
2,QSAR_fish_toxicity,0.2,2,growing_feature,0.35801975911718387,0.8531462995595746,1.2111660586767583,0.22289095170336387,0.25253888006643593
3,QSAR_fish_toxicity,0.2,3,growing_feature,0.409992981389782,0.914768019021571,1.3247610004113533,0.27772488876885093,0.3056191025563981
4,QSAR_fish_toxicity,0.2,4,growing_feature,0.37214706320474533,0.9074340657086438,1.279581128913389,0.2541462858777143,0.3107309516255783
5,QSAR_fish_toxicity,0.5,0,growing_feature,0.6827117849585493,1.2858653892502527,1.9685771742088023,0.1710130488542836,0.18786941097181373
6,QSAR_fish_toxicity,0.5,1,growing_feature,0.41634500091945065,0.9374460079605464,1.3537910088799974,-0.0029052740328926836,0.08356818212530606
7,QSAR_fish_toxicity,0.5,2,growing_feature,0.5404868405109662,1.1085236002101415,1.6490104407211077,0.22281929026781463,0.24712246989617148
8,QSAR_fish_toxicity,0.5,3,growing_feature,0.6119400851798114,1.2110882602276525,1.8230283454074638,0.15403326981997417,0.20835462856174086
9,QSAR_fish_toxicity,0.5,4,growing_feature,0.5615233579498575,1.1869270170631256,1.7484503750129832,0.17093541563243858,0.226437197465336
10,QSAR_fish_toxicity,1.0,0,growing_feature,1.208335507235407,2.0113880381837252,3.219723545419133,0.07111999359177103,0.08363287647684359
11,QSAR_fish_toxicity,1.0,1,growing_feature,0.961191771944798,1.7090200730089464,2.670211844953745,-0.06600615392715896,-0.045616484917964197
12,QSAR_fish_toxicity,1.0,2,growing_feature,1.1321623481374272,1.9373913256822506,3.069553673819678,0.2123726454410789,0.2163319397551752
13,QSAR_fish_toxicity,1.0,3,growing_feature,1.297855675643809,2.1967523299249745,3.494608005568784,0.015600296399986271,0.03380031043406494
14,QSAR_fish_toxicity,1.0,4,growing_feature,1.2487842448255067,2.183282488804014,3.4320667336295205,-0.019078861917272986,-0.007867828444678544
15,QSAR_fish_toxicity,1.5,0,growing_feature,2.1444896314338817,3.3214134215592463,5.465903052993127,0.08244548630170108,0.0878997177851721
16,QSAR_fish_toxicity,1.5,1,growing_feature,1.8035910331112421,2.9134180626215507,4.717009095732792,-0.10659240418865187,-0.10156416012761256
17,QSAR_fish_toxicity,1.5,2,growing_feature,2.131667212885615,3.3466083206525865,5.478275533538202,0.1933903274022542,0.19070302356915714
18,QSAR_fish_toxicity,1.5,3,growing_feature,2.430619250969525,3.8058604616834684,6.236479712652994,0.03788899345123628,0.06283513540410446
19,QSAR_fish_toxicity,1.5,4,growing_feature,2.3301840380326015,3.7352982542512523,6.065482292283854,-0.1677902748499991,-0.16905231235383872
,dataset,noise_scale,noise_mode,seed,MAPPIE Coverage,MAPPIE Mean Width
0,QSAR_fish_toxicity,0.2,growing_feature,0,0.9175824175824175,3.7028361688487528
1,QSAR_fish_toxicity,0.2,growing_feature,1,0.8681318681318682,2.688342427902263
2,QSAR_fish_toxicity,0.2,growing_feature,2,0.9340659340659341,4.668648275580624
3,QSAR_fish_toxicity,0.2,growing_feature,3,0.9505494505494505,4.176996169093847
4,QSAR_fish_toxicity,0.2,growing_feature,4,0.8571428571428571,2.780946553574147
5,QSAR_fish_toxicity,0.5,growing_feature,0,0.9560439560439561,4.884559504236928
6,QSAR_fish_toxicity,0.5,growing_feature,1,0.9065934065934066,3.329612726673955
7,QSAR_fish_toxicity,0.5,growing_feature,2,0.9725274725274725,5.869529071151567
8,QSAR_fish_toxicity,0.5,growing_feature,3,0.967032967032967,4.612674169344884
9,QSAR_fish_toxicity,0.5,growing_feature,4,0.8901098901098901,3.1517788848318453
10,QSAR_fish_toxicity,1.0,growing_feature,0,1.0,7.743069680911522
11,QSAR_fish_toxicity,1.0,growing_feature,1,0.9725274725274725,5.126599106935899
12,QSAR_fish_toxicity,1.0,growing_feature,2,0.9945054945054945,8.243258084716965
13,QSAR_fish_toxicity,1.0,growing_feature,3,1.0,7.772757198693734
14,QSAR_fish_toxicity,1.0,growing_feature,4,0.9395604395604396,4.030630433460218
15,QSAR_fish_toxicity,1.5,growing_feature,0,1.0,10.512045253032218
16,QSAR_fish_toxicity,1.5,growing_feature,1,1.0,7.346373208170838
17,QSAR_fish_toxicity,1.5,growing_feature,2,0.9945054945054945,10.357045337914087
18,QSAR_fish_toxicity,1.5,growing_feature,3,1.0,9.589516022430692
19,QSAR_fish_toxicity,1.5,growing_feature,4,0.9835164835164835,6.1487299181163095
,dataset,N,seed,MAP Epi UQ,MAP Alea UQ,MAP Total UQ
0,QSAR-TID-11,25,0,1.2586986866167285,5.640646172854231,6.8993448594709585
1,QSAR-TID-11,25,1,1.2720766022507006,6.573123919799263,7.845200522049964
2,QSAR-TID-11,25,2,1.2720766022507006,6.573123919799263,7.845200522049964
3,QSAR-TID-11,25,3,1.2720766022507006,6.573123919799263,7.845200522049964
4,QSAR-TID-11,25,4,1.2720766022507006,6.573123919799263,7.845200522049964
5,QSAR-TID-11,50,0,1.2330230557596835,6.55628319382704,7.789306249586725
6,QSAR-TID-11,50,1,2.564770641509506,8.14789424644704,10.712664887956548
7,QSAR-TID-11,50,2,2.564770641509506,8.14789424644704,10.712664887956548
8,QSAR-TID-11,50,3,2.564770641509506,8.14789424644704,10.712664887956548
9,QSAR-TID-11,50,4,2.564770641509506,8.14789424644704,10.712664887956548
10,QSAR-TID-11,75,0,2.841289927716195,8.488101151497323,11.329391079213515
11,QSAR-TID-11,75,1,2.116333514391728,7.617100618452295,9.733434132844023
12,QSAR-TID-11,75,2,2.116333514391728,7.617100618452295,9.733434132844023
13,QSAR-TID-11,75,3,2.116333514391728,7.617100618452295,9.733434132844023
14,QSAR-TID-11,75,4,2.116333514391728,7.617100618452295,9.733434132844023
15,QSAR-TID-11,100,0,2.090247229986914,7.523816871015039,9.61406410100195
16,QSAR-TID-11,100,1,2.608780448514104,8.372702928795553,10.981483377309655
17,QSAR-TID-11,100,2,2.608780448514104,8.372702928795553,10.981483377309655
18,QSAR-TID-11,100,3,2.608780448514104,8.372702928795553,10.981483377309655
19,QSAR-TID-11,100,4,2.608780448514104,8.372702928795553,10.981483377309655
,dataset,N,seed,MAPPIE Coverage,MAPPIE Mean Width
0,QSAR-TID-11,50,0,0.82,4.935330100536346
1,QSAR-TID-11,50,1,0.88,4.492171922683715
2,QSAR-TID-11,50,2,0.88,4.492171922683715
3,QSAR-TID-11,50,3,0.88,4.492171922683715
4,QSAR-TID-11,50,4,0.88,4.492171922683715
5,QSAR-TID-11,75,0,0.82,4.86055791759491
6,QSAR-TID-11,75,1,0.99,5.637358417510984
7,QSAR-TID-11,75,2,0.99,5.637358417510984
8,QSAR-TID-11,75,3,0.99,5.637358417510984
9,QSAR-TID-11,75,4,0.99,5.637358417510984
10,QSAR-TID-11,100,0,0.86,4.47667221927643
11,QSAR-TID-11,100,1,0.91,5.048121806144714
12,QSAR-TID-11,100,2,0.91,5.048121806144714
13,QSAR-TID-11,100,3,0.91,5.048121806144714
14,QSAR-TID-11,100,4,0.91,5.048121806144714
,dataset,noise_scale,seed,noise_mode,MAP Epi UQ,MAP Alea UQ,MAP Total UQ,Spearman_Alea_Error,Spearman_Total_Error
0,QSAR-TID-11,0.2,0,growing_feature,1.9726513619887263,7.123562193782873,9.0962135557716,-0.17420942094209418,-0.18787878787878784
1,QSAR-TID-11,0.2,1,growing_feature,1.7803259859481644,7.353884720848971,9.134210706797136,-0.1134113411341134,-0.2003120312031203
2,QSAR-TID-11,0.2,2,growing_feature,2.7584210698193887,8.319307854687898,11.077728924507289,-0.009156915691569156,-0.2205100510051005
3,QSAR-TID-11,0.2,3,growing_feature,2.276917588645884,7.892568634269993,10.169486222915877,-0.09563756375637561,-0.08214821482148213
4,QSAR-TID-11,0.2,4,growing_feature,2.3837188774412974,7.438497990602426,9.822216868043723,-0.07135913591359135,-0.10463846384638462
5,QSAR-TID-11,0.5,0,growing_feature,1.7947869436699149,7.166365861113021,8.961152804782934,-0.21777377737773773,-0.1561116111611161
6,QSAR-TID-11,0.5,1,growing_feature,2.087355034076556,7.2447777409387255,9.332132775015282,-0.12169216921692168,-0.22940294029402936
7,QSAR-TID-11,0.5,2,growing_feature,2.5651254553028577,8.337998270584187,10.903123725887044,-0.0726072607260726,-0.13545754575457544
8,QSAR-TID-11,0.5,3,growing_feature,2.241740532493047,7.755974229832426,9.997714762325474,-0.12106810681068106,-0.013645364536453644
9,QSAR-TID-11,0.5,4,growing_feature,2.387346281195779,7.578037602745826,9.965383883941605,0.013477347734773475,-0.11188718871887188
10,QSAR-TID-11,1.0,0,growing_feature,1.9377819408223622,7.197255985982643,9.13503792680501,-0.1655325532553255,-0.11867986798679867
11,QSAR-TID-11,1.0,1,growing_feature,1.9742691920114195,7.213202677644567,9.187471869655987,-0.0783078307830783,-0.22395439543954393
12,QSAR-TID-11,1.0,2,growing_feature,2.614349566085664,8.239502502502807,10.853852068588472,-0.13869786978697868,-0.10263426342634263
13,QSAR-TID-11,1.0,3,growing_feature,2.4223741016839777,7.510574915152279,9.932949016836256,-0.06707470747074708,-0.14897089708970895
14,QSAR-TID-11,1.0,4,growing_feature,2.5873244951705914,7.715194432910153,10.302518928080744,-0.11068706870687067,0.007224722472247224
15,QSAR-TID-11,1.5,0,growing_feature,1.9787075828561302,7.26580163417756,9.24450921703369,-0.20480048004800477,-0.12879687968796877
16,QSAR-TID-11,1.5,1,growing_feature,1.7791363240418598,7.199670378385041,8.978806702426901,-0.12486048604860484,-0.2682748274827483
17,QSAR-TID-11,1.5,2,growing_feature,2.83635766190079,8.165893354375926,11.002251016276716,-0.18707470747074706,-0.13446144614461444
18,QSAR-TID-11,1.5,3,growing_feature,2.237699033410587,7.366116998401756,9.603816031812343,-0.08712871287128712,-0.1625202520252025
19,QSAR-TID-11,1.5,4,growing_feature,2.7901588245986706,7.943853535897063,10.734012360495731,-0.07617161716171615,-0.10009000900090007
,dataset,noise_scale,noise_mode,seed,MAPPIE Coverage,MAPPIE Mean Width
0,QSAR-TID-11,0.2,growing_feature,0,0.94,4.773200404165731
1,QSAR-TID-11,0.2,growing_feature,1,0.87,4.413978781719736
2,QSAR-TID-11,0.2,growing_feature,2,0.96,6.029263377137603
3,QSAR-TID-11,0.2,growing_feature,3,0.8,3.8452039327707483
4,QSAR-TID-11,0.2,growing_feature,4,0.91,4.79536825960911
5,QSAR-TID-11,0.5,growing_feature,0,0.93,4.741031678775659
6,QSAR-TID-11,0.5,growing_feature,1,0.85,4.427291808415776
7,QSAR-TID-11,0.5,growing_feature,2,0.95,5.949900340903853
8,QSAR-TID-11,0.5,growing_feature,3,0.8,3.7760298785916846
9,QSAR-TID-11,0.5,growing_feature,4,0.91,4.810017002076828
10,QSAR-TID-11,1.0,growing_feature,0,0.94,4.7803513627935095
11,QSAR-TID-11,1.0,growing_feature,1,0.85,4.557414943316233
12,QSAR-TID-11,1.0,growing_feature,2,0.94,5.839345953204345
13,QSAR-TID-11,1.0,growing_feature,3,0.79,3.7536272277339093
14,QSAR-TID-11,1.0,growing_feature,4,0.91,4.9792368108101535
15,QSAR-TID-11,1.5,growing_feature,0,0.94,4.824238456465952
16,QSAR-TID-11,1.5,growing_feature,1,0.83,4.6726040534059
17,QSAR-TID-11,1.5,growing_feature,2,0.94,5.847587507651923
18,QSAR-TID-11,1.5,growing_feature,3,0.79,3.827219714670924
19,QSAR-TID-11,1.5,growing_feature,4,0.94,5.266578541467761
,dataset,N,seed,MAP Epi UQ,MAP Alea UQ,MAP Total UQ
0,superconductivity,25,0,1470.1086448540664,124.54738111466179,1594.6560259687278
1,superconductivity,25,1,1344.062711690178,108.74285212183855,1452.8055638120163
2,superconductivity,25,2,1344.062711690178,108.74285212183855,1452.8055638120163
3,superconductivity,25,3,1344.062711690178,108.74285212183855,1452.8055638120163
4,superconductivity,25,4,1344.062711690178,108.74285212183855,1452.8055638120163
5,superconductivity,50,0,453.91969773688265,56.43673814519843,510.3564358820811
6,superconductivity,50,1,539.4491629555207,62.0223313067643,601.4714942622851
7,superconductivity,50,2,539.4491629555207,62.0223313067643,601.4714942622851
8,superconductivity,50,3,539.4491629555207,62.0223313067643,601.4714942622851
9,superconductivity,50,4,539.4491629555207,62.0223313067643,601.4714942622851
10,superconductivity,75,0,209.81192424210076,48.44795152115229,258.259875763253
11,superconductivity,75,1,234.68285349775357,38.53713302250173,273.21998652025525
12,superconductivity,75,2,234.68285349775357,38.53713302250173,273.21998652025525
13,superconductivity,75,3,234.68285349775357,38.53713302250173,273.21998652025525
14,superconductivity,75,4,234.68285349775357,38.53713302250173,273.21998652025525
15,superconductivity,100,0,208.54470476747602,36.48419389005225,245.02889865752837
16,superconductivity,100,1,229.07747388597625,45.595998503926005,274.67347238990226
17,superconductivity,100,2,229.07747388597625,45.595998503926005,274.67347238990226
18,superconductivity,100,3,229.07747388597625,45.595998503926005,274.67347238990226
19,superconductivity,100,4,229.07747388597625,45.595998503926005,274.67347238990226
,dataset,N,seed,MAPPIE Coverage,MAPPIE Mean Width
0,superconductivity,50,0,0.72,40.863171631827946
1,superconductivity,50,1,0.89,67.57952323891223
2,superconductivity,50,2,0.89,67.57952323891223
3,superconductivity,50,3,0.89,67.57952323891223
4,superconductivity,50,4,0.89,67.57952323891223
5,superconductivity,75,0,0.93,63.56326331771909
6,superconductivity,75,1,0.95,76.62530668571591
7,superconductivity,75,2,0.95,76.62530668571591
8,superconductivity,75,3,0.95,76.62530668571591
9,superconductivity,75,4,0.95,76.62530668571591
10,superconductivity,100,0,0.9,64.80811601463708
11,superconductivity,100,1,0.86,56.21464705752207
12,superconductivity,100,2,0.86,56.21464705752207
13,superconductivity,100,3,0.86,56.21464705752207
14,superconductivity,100,4,0.86,56.21464705752207
,dataset,noise_scale,seed,noise_mode,MAP Epi UQ,MAP Alea UQ,MAP Total UQ,Spearman_Alea_Error,Spearman_Total_Error
0,superconductivity,0.2,0,growing_feature,214.3318887703959,42.559126968182916,256.89101573857874,0.4960170897624778,0.5318527808388199
1,superconductivity,0.2,1,growing_feature,264.72122807835274,45.358988134541434,310.08021621289413,0.6391438318175535,0.6805961014015072
2,superconductivity,0.2,2,growing_feature,230.88778143753544,42.36542964539963,273.2532110829351,0.5834880992768514,0.6508150339514259
3,superconductivity,0.2,3,growing_feature,318.04388432466595,45.39993287417366,363.4438171988396,0.6014959540859778,0.6230501741707436
4,superconductivity,0.2,4,growing_feature,219.40878719776578,51.824422906811606,271.23321010457744,0.5237879501612238,0.5598276622517313
5,superconductivity,0.5,0,growing_feature,304.8875813939081,45.7368149250989,350.624396319007,0.4163168806405796,0.48815628009904705
6,superconductivity,0.5,1,growing_feature,362.2227966737005,48.89524552903173,411.11804220273234,0.6227741457398139,0.648756821955581
7,superconductivity,0.5,2,growing_feature,354.5022697838221,42.308846138781625,396.81111592260373,0.5572533971024094,0.5723509521506474
8,superconductivity,0.5,3,growing_feature,504.32979499985845,46.69773073743665,551.0275257372952,0.4871061719379018,0.4971392053403873
9,superconductivity,0.5,4,growing_feature,440.15789964637435,52.38377639454857,492.5416760409228,0.5188854452031911,0.5921529917608163
10,superconductivity,1.0,0,growing_feature,732.5170584691556,54.48268360245325,786.9997420716086,0.37809294357488976,0.44450778430378374
11,superconductivity,1.0,1,growing_feature,811.4055141261356,61.05002835517634,872.4555424813119,0.5743791610561737,0.6180516593236919
12,superconductivity,1.0,2,growing_feature,784.6975261489308,49.550500653505516,834.2480268024365,0.522863854979416,0.4874362059314046
13,superconductivity,1.0,3,growing_feature,1105.4955428791643,56.68630947981581,1162.18185235898,0.4895304216356316,0.5542770905428204
14,superconductivity,1.0,4,growing_feature,1215.1318223748585,66.10346375015705,1281.2352861250154,0.5051515460729774,0.5402072619794945
15,superconductivity,1.5,0,growing_feature,1549.449783305992,69.63399374521073,1619.0837770512028,0.39721691334386205,0.38087122973837706
16,superconductivity,1.5,1,growing_feature,1542.1406966828267,78.70657770851604,1620.8472743913424,0.5359692048305096,0.5331729168128312
17,superconductivity,1.5,2,growing_feature,1394.290466051765,60.4847167403534,1454.7751827921186,0.4992874266071875,0.4948589704761861
18,superconductivity,1.5,3,growing_feature,2073.055039429501,74.14412574536445,2147.199165174865,0.46556395308926335,0.5182013747439307
19,superconductivity,1.5,4,growing_feature,2513.701338166883,93.13387082425712,2606.8352089911405,0.4858700446167821,0.5221977863743467
,dataset,noise_scale,noise_mode,seed,MAPPIE Coverage,MAPPIE Mean Width
0,superconductivity,0.2,growing_feature,0,0.95,65.44825377287272
1,superconductivity,0.2,growing_feature,1,0.92,61.73536343563151
2,superconductivity,0.2,growing_feature,2,0.9,55.273268451816556
3,superconductivity,0.2,growing_feature,3,0.93,69.89606838578591
4,superconductivity,0.2,growing_feature,4,0.9,62.83676440440852
5,superconductivity,0.5,growing_feature,0,0.99,93.53055794820024
6,superconductivity,0.5,growing_feature,1,0.9,70.87315360136058
7,superconductivity,0.5,growing_feature,2,0.98,84.82764032535735
8,superconductivity,0.5,growing_feature,3,0.98,94.03772646343056
9,superconductivity,0.5,growing_feature,4,0.9,86.64757775171962
10,superconductivity,1.0,growing_feature,0,0.99,130.49553863226197
11,superconductivity,1.0,growing_feature,1,1.0,126.67937430959968
12,superconductivity,1.0,growing_feature,2,1.0,128.1594914876557
13,superconductivity,1.0,growing_feature,3,1.0,157.6192737161396
14,superconductivity,1.0,growing_feature,4,0.96,145.59389077840277
15,superconductivity,1.5,growing_feature,0,1.0,175.0384146766188
16,superconductivity,1.5,growing_feature,1,1.0,165.53425877648633
17,superconductivity,1.5,growing_feature,2,1.0,172.08619505107924
18,superconductivity,1.5,growing_feature,3,1.0,226.79197042784955
19,superconductivity,1.5,growing_feature,4,0.98,189.77144473055034
,dataset,N,seed,MAP Epi UQ,MAP Alea UQ,MAP Total UQ
0,wine_quality,25,0,0.6396394855157134,0.8401908869928131,1.4798303725085264
1,wine_quality,25,1,0.32580303661039395,0.6947298416220236,1.0205328782324172
2,wine_quality,25,2,0.32580303661039395,0.6947298416220236,1.0205328782324172
3,wine_quality,25,3,0.32580303661039395,0.6947298416220236,1.0205328782324172
4,wine_quality,25,4,0.32580303661039395,0.6947298416220236,1.0205328782324172
5,wine_quality,50,0,0.2966601419872496,0.7848691500451477,1.0815292920323973
6,wine_quality,50,1,0.2698174677020047,0.8136565914888615,1.0834740591908665
7,wine_quality,50,2,0.2698174677020047,0.8136565914888615,1.0834740591908665
8,wine_quality,50,3,0.2698174677020047,0.8136565914888615,1.0834740591908665
9,wine_quality,50,4,0.2698174677020047,0.8136565914888615,1.0834740591908665
10,wine_quality,75,0,0.24378752368175335,0.8072472032162977,1.051034726898051
11,wine_quality,75,1,0.40458707326162324,0.8125230669472984,1.2171101402089217
12,wine_quality,75,2,0.40458707326162324,0.8125230669472984,1.2171101402089217
13,wine_quality,75,3,0.40458707326162324,0.8125230669472984,1.2171101402089217
14,wine_quality,75,4,0.40458707326162324,0.8125230669472984,1.2171101402089217
15,wine_quality,100,0,0.3127354388100916,0.8011422063216063,1.1138776451316976
16,wine_quality,100,1,0.3169540018105628,0.8399046370178068,1.1568586388283697
17,wine_quality,100,2,0.3169540018105628,0.8399046370178068,1.1568586388283697
18,wine_quality,100,3,0.3169540018105628,0.8399046370178068,1.1568586388283697
19,wine_quality,100,4,0.3169540018105628,0.8399046370178068,1.1568586388283697
,dataset,N,seed,MAPPIE Coverage,MAPPIE Mean Width
0,wine_quality,50,0,0.905,2.6706964123249053
1,wine_quality,50,1,0.85,2.8675849843025207
2,wine_quality,50,2,0.85,2.8675849843025207
3,wine_quality,50,3,0.85,2.8675849843025207
4,wine_quality,50,4,0.85,2.8675849843025207
5,wine_quality,75,0,0.8875,2.6382927393913267
6,wine_quality,75,1,0.9625,4.483379738926888
7,wine_quality,75,2,0.9625,4.483379738926888
8,wine_quality,75,3,0.9625,4.483379738926888
9,wine_quality,75,4,0.9625,4.483379738926888
10,wine_quality,100,0,0.945,3.076447919011116
11,wine_quality,100,1,0.87,2.9469850850105286
12,wine_quality,100,2,0.87,2.9469850850105286
13,wine_quality,100,3,0.87,2.9469850850105286
14,wine_quality,100,4,0.87,2.9469850850105286
,dataset,noise_scale,seed,noise_mode,MAP Epi UQ,MAP Alea UQ,MAP Total UQ,Spearman_Alea_Error,Spearman_Total_Error
0,wine_quality,0.2,0,growing_feature,0.25164714074444794,0.7910854366355053,1.0427325773799534,0.14589498612021273,0.1439939099562278
1,wine_quality,0.2,1,growing_feature,0.45359363455457635,0.8942808830161175,1.3478745175706937,-0.0514599323682639,-0.0309724101141977
2,wine_quality,0.2,2,growing_feature,0.23496521326886494,0.7417412298110108,0.9767064430798758,0.0011351331587695786,0.04298993399015056
3,wine_quality,0.2,3,growing_feature,0.43707916540118147,0.877249995100478,1.3143291605016594,0.002966271320075113,0.00496109815789301
4,wine_quality,0.2,4,growing_feature,0.2721496824979419,0.7831699308130641,1.0553196133110059,0.02111958929704807,0.020363208860563687
5,wine_quality,0.5,0,growing_feature,0.3303662811181011,0.817623605938524,1.1479898870566252,0.1242368929526681,0.09868664681027396
6,wine_quality,0.5,1,growing_feature,0.4580106354800438,0.8869635654584096,1.3449742009384533,0.03739958130949066,0.03362930421062401
7,wine_quality,0.5,2,growing_feature,0.2733080798007111,0.7477406878422933,1.0210487676430047,0.014599792436008134,0.05101705418507695
8,wine_quality,0.5,3,growing_feature,0.491283781199032,0.8896261828635352,1.3809099640625668,0.04663702270360068,0.06000174376253329
9,wine_quality,0.5,4,growing_feature,0.295057841214439,0.786722968357368,1.081780809571807,0.002872333144894479,-0.0015958239699847845
10,wine_quality,1.0,0,growing_feature,0.5158711426134304,0.908436505992625,1.4243076486060553,0.10548582067933612,0.02290347711874179
11,wine_quality,1.0,1,growing_feature,0.637428691619182,0.9645288471448336,1.6019575387640157,0.0782786251276181,0.09575468823682172
12,wine_quality,1.0,2,growing_feature,0.4196882408002033,0.7985376335338401,1.2182258743340433,0.023317855097083513,0.03493318858229293
13,wine_quality,1.0,3,growing_feature,0.6476552877389616,0.946221730675499,1.5938770184144604,0.0698826897818328,0.08688343697470327
14,wine_quality,1.0,4,growing_feature,0.41557511654356105,0.8470322383803941,1.2626073549239551,-0.054559892149224826,-0.08329522368442023
15,wine_quality,1.5,0,growing_feature,0.8470803157010508,1.066998134094461,1.914078449795512,0.06831311920272182,-0.006340077116495396
16,wine_quality,1.5,1,growing_feature,0.9126932927308482,1.0855789853423605,1.9982722780732087,0.1149255760275777,0.16598725553339913
17,wine_quality,1.5,2,growing_feature,0.6703788702559146,0.8918541132129603,1.5622329834688748,-0.022520786868155618,-0.016612431901854297
18,wine_quality,1.5,3,growing_feature,0.9321891165551509,1.0570404049912632,1.989229521546414,0.08022038908404655,0.09948034001494387
19,wine_quality,1.5,4,growing_feature,0.6235183039259651,0.9479064641769621,1.5714247681029272,-0.07999482496280444,-0.10541307015644175
,dataset,noise_scale,noise_mode,seed,MAPPIE Coverage,MAPPIE Mean Width
0,wine_quality,0.2,growing_feature,0,0.865,2.3105561333944795
1,wine_quality,0.2,growing_feature,1,0.8925,2.9774900314766195
2,wine_quality,0.2,growing_feature,2,0.8025,2.0106151684134836
3,wine_quality,0.2,growing_feature,3,0.94,3.487984545173009
4,wine_quality,0.2,growing_feature,4,0.935,2.7629571945159093
5,wine_quality,0.5,growing_feature,0,0.8775,2.7664224604749306
6,wine_quality,0.5,growing_feature,1,0.905,3.0208054359352228
7,wine_quality,0.5,growing_feature,2,0.8375,2.4059205373864088
8,wine_quality,0.5,growing_feature,3,0.9775,3.4955517513765595
9,wine_quality,0.5,growing_feature,4,0.92,2.945771074935475
10,wine_quality,1.0,growing_feature,0,0.955,3.4561967324674163
11,wine_quality,1.0,growing_feature,1,0.915,3.4995603597266554
12,wine_quality,1.0,growing_feature,2,0.94,3.371525813729778
13,wine_quality,1.0,growing_feature,3,0.985,3.674795727374891
14,wine_quality,1.0,growing_feature,4,0.9275,3.1037125514617214
15,wine_quality,1.5,growing_feature,0,0.98,4.2866625764326605
16,wine_quality,1.5,growing_feature,1,0.9825,4.522557585552793
17,wine_quality,1.5,growing_feature,2,0.9675,3.967534394776974
18,wine_quality,1.5,growing_feature,3,0.995,4.969969159647186
19,wine_quality,1.5,growing_feature,4,0.9675,3.6980237929452744
