Dataset,Nominal Confidence,PPD Coverage,PPD Width,PPD Winkler,MAPIE Coverage,MAPIE Width,MAPIE Winkler
airfoil_self_noise,50%,43.0%,2.219,4.722,45.0%,2.276,4.703
airfoil_self_noise,80%,76.0%,4.348,6.730,82.0%,4.998,6.745
airfoil_self_noise,90%,88.0%,5.736,8.177,97.0%,7.573,8.513
diamonds,50%,58.0%,531.746,1257.292,53.0%,514.879,1255.539
diamonds,80%,86.0%,1045.799,2047.486,79.0%,1003.847,2041.161
diamonds,90%,92.0%,1383.288,2797.147,91.0%,1402.258,2808.736
houses,50%,50.0%,0.359,0.651,44.0%,0.319,0.649
houses,80%,83.0%,0.690,0.893,88.0%,0.704,0.897
houses,90%,95.0%,0.902,1.112,93.0%,0.878,1.117
physiochemical_protein,50%,54.0%,6.783,10.644,45.0%,6.101,10.693
physiochemical_protein,80%,83.0%,12.173,14.734,81.0%,11.574,14.717
physiochemical_protein,90%,94.0%,14.603,16.098,91.0%,14.131,16.176
QSAR-TID-11,50%,60.0%,1.681,2.939,55.0%,1.305,2.896
QSAR-TID-11,80%,75.0%,3.275,4.454,90.0%,3.255,4.043
QSAR-TID-11,90%,80.0%,4.180,5.121,95.0%,3.424,4.756
superconductivity,50%,40.0%,24.263,47.147,60.0%,33.215,48.023
superconductivity,80%,55.0%,43.242,58.969,90.0%,51.242,58.321
superconductivity,90%,80.0%,54.074,66.228,100.0%,91.834,91.834
Dataset,Nominal Confidence,PPD Coverage,PPD Width,PPD Winkler,MAPIE Coverage,MAPIE Width,MAPIE Winkler
airfoil_self_noise,50%,47.0%,2.127,4.074,47.0%,2.094,4.084
airfoil_self_noise,80%,81.0%,4.192,5.869,80.0%,4.249,5.868
airfoil_self_noise,90%,84.0%,5.568,7.168,89.0%,6.060,6.965
diamonds,50%,60.0%,719.117,1448.817,54.0%,688.868,1441.162
diamonds,80%,86.0%,1387.339,2242.436,84.0%,1343.536,2233.202
diamonds,90%,92.0%,1812.084,2908.370,94.0%,1944.509,2947.101
houses,50%,58.0%,0.325,0.613,59.0%,0.364,0.636
houses,80%,81.0%,0.619,0.899,80.0%,0.650,0.909
houses,90%,90.0%,0.799,1.105,93.0%,0.918,1.159
physiochemical_protein,50%,53.0%,6.376,11.847,57.0%,6.895,11.982
physiochemical_protein,80%,82.0%,11.145,16.864,81.0%,11.641,16.992
physiochemical_protein,90%,88.0%,13.717,21.010,91.0%,13.909,21.013
QSAR-TID-11,50%,45.0%,1.594,4.800,55.0%,2.911,4.584
QSAR-TID-11,80%,45.0%,2.973,6.629,70.0%,4.231,5.730
QSAR-TID-11,90%,70.0%,3.804,6.838,95.0%,5.894,5.982
superconductivity,50%,45.0%,21.705,53.640,55.0%,27.395,53.973
superconductivity,80%,80.0%,40.960,69.422,70.0%,45.677,65.819
superconductivity,90%,85.0%,52.829,81.922,95.0%,63.124,67.316
Dataset,Nominal Confidence,PPD Coverage,PPD Width,PPD Winkler,MAPIE Coverage,MAPIE Width,MAPIE Winkler
airfoil_self_noise,50%,46.0%,2.003,4.408,52.0%,2.125,4.361
airfoil_self_noise,80%,78.0%,3.921,6.143,82.0%,4.206,6.162
airfoil_self_noise,90%,90.0%,5.193,7.166,93.0%,6.471,7.423
diamonds,50%,52.0%,624.633,1281.712,55.0%,653.900,1288.228
diamonds,80%,78.0%,1215.510,1822.079,82.0%,1233.508,1821.592
diamonds,90%,89.0%,1603.778,2099.711,89.0%,1658.064,2115.970
houses,50%,44.0%,0.350,0.734,45.0%,0.337,0.738
houses,80%,80.0%,0.669,1.034,77.0%,0.639,1.038
houses,90%,92.0%,0.863,1.269,95.0%,0.968,1.311
physiochemical_protein,50%,37.0%,4.970,10.366,43.0%,5.382,10.296
physiochemical_protein,80%,68.0%,9.387,13.405,64.0%,8.942,13.419
physiochemical_protein,90%,84.0%,12.018,13.725,92.0%,12.337,13.726
QSAR-TID-11,50%,45.0%,1.943,3.053,55.0%,2.076,3.123
QSAR-TID-11,80%,85.0%,3.587,3.874,70.0%,3.131,4.161
QSAR-TID-11,90%,95.0%,4.510,4.538,75.0%,3.528,4.574
superconductivity,50%,55.0%,23.645,48.689,45.0%,22.785,50.639
superconductivity,80%,80.0%,44.521,74.834,80.0%,54.076,74.834
superconductivity,90%,80.0%,57.590,95.605,80.0%,61.244,91.951
Dataset,Nominal Confidence,PPD Coverage,PPD Width,PPD Winkler,MAPIE Coverage,MAPIE Width,MAPIE Winkler
airfoil_self_noise,50%,58.0%,2.322,4.154,53.0%,11.941,21.515
airfoil_self_noise,80%,86.0%,4.633,6.200,83.0%,21.765,29.784
airfoil_self_noise,90%,92.0%,6.199,7.922,89.0%,27.039,33.640
diamonds,50%,59.0%,721.555,1237.432,0.0%,1130.548,40564.719
diamonds,80%,85.0%,1459.988,1760.090,0.0%,4438.774,60224.206
diamonds,90%,92.0%,1986.402,2134.467,0.0%,4538.031,103777.338
houses,50%,51.0%,0.304,0.681,20.0%,0.561,2.894
houses,80%,69.0%,0.594,0.987,43.0%,1.202,4.439
houses,90%,85.0%,0.782,1.192,61.0%,1.605,5.652
physiochemical_protein,50%,50.0%,6.538,9.684,75.0%,15.047,16.346
physiochemical_protein,80%,83.0%,11.118,12.947,96.0%,20.164,20.354
physiochemical_protein,90%,93.0%,13.412,15.145,93.0%,18.528,19.203
QSAR-TID-11,50%,15.0%,1.081,3.856,35.0%,2.921,6.359
QSAR-TID-11,80%,45.0%,2.084,5.766,55.0%,5.477,10.005
QSAR-TID-11,90%,60.0%,2.783,7.563,60.0%,6.039,11.378
superconductivity,50%,70.0%,16.471,36.938,5.0%,26.851,156.971
superconductivity,80%,85.0%,33.185,63.880,20.0%,70.653,244.798
superconductivity,90%,90.0%,44.412,85.234,30.0%,78.303,339.484
#
Dataset,Nominal Confidence,PPD Coverage,PPD Width,PPD Winkler,MAPIE Coverage,MAPIE Width,MAPIE Winkler
airfoil_self_noise,50%,48.0%,1.967,4.530,56.0%,2.352,4.589
airfoil_self_noise,80%,76.0%,3.841,6.779,81.0%,4.272,6.759
airfoil_self_noise,90%,86.0%,5.052,8.500,90.0%,5.952,8.299
diamonds,50%,57.0%,882.359,1634.252,55.0%,851.440,1629.954
diamonds,80%,82.0%,1639.539,2431.345,76.0%,1550.839,2429.763
diamonds,90%,89.0%,2110.944,2780.970,84.0%,2020.453,2797.439
houses,50%,55.0%,0.386,0.625,46.0%,0.350,0.625
houses,80%,87.0%,0.740,0.917,78.0%,0.634,0.887
houses,90%,95.0%,0.960,1.131,93.0%,0.958,1.144
physiochemical_protein,50%,50.0%,7.130,11.572,58.0%,7.744,11.621
physiochemical_protein,80%,82.0%,12.406,15.881,82.0%,12.507,15.913
physiochemical_protein,90%,93.0%,14.903,19.034,94.0%,15.524,18.979
QSAR-TID-11,50%,25.0%,2.179,3.954,55.0%,2.887,3.871
QSAR-TID-11,80%,65.0%,3.819,5.132,80.0%,4.789,5.164
QSAR-TID-11,90%,80.0%,4.705,5.691,90.0%,5.268,5.461
superconductivity,50%,60.0%,20.652,32.268,70.0%,25.884,34.170
superconductivity,80%,90.0%,39.902,45.147,90.0%,48.707,52.912
superconductivity,90%,90.0%,52.156,56.079,90.0%,58.641,61.224
Dataset,Nominal Confidence,PPD Coverage,PPD Width,PPD Winkler,MAPIE Coverage,MAPIE Width,MAPIE Winkler
airfoil_self_noise,50%,55.0%,2.518,4.397,45.0%,1.911,4.391
airfoil_self_noise,80%,82.0%,4.926,6.475,81.0%,4.496,6.434
airfoil_self_noise,90%,91.0%,6.488,7.812,87.0%,5.951,7.896
diamonds,50%,51.0%,555.547,1115.732,56.0%,601.877,1116.224
diamonds,80%,76.0%,1091.394,1605.073,81.0%,1089.083,1602.354
diamonds,90%,92.0%,1450.758,1934.321,89.0%,1460.130,1980.388
houses,50%,62.0%,0.341,0.549,46.0%,0.297,0.547
houses,80%,86.0%,0.647,0.820,80.0%,0.592,0.833
houses,90%,94.0%,0.831,0.967,91.0%,0.840,0.957
physiochemical_protein,50%,56.0%,7.641,10.597,52.0%,7.008,10.360
physiochemical_protein,80%,87.0%,12.456,14.355,90.0%,11.713,13.862
physiochemical_protein,90%,91.0%,14.762,17.055,94.0%,14.275,16.718
QSAR-TID-11,50%,35.0%,1.651,3.542,55.0%,2.074,3.338
QSAR-TID-11,80%,80.0%,3.179,4.670,90.0%,4.685,4.999
QSAR-TID-11,90%,85.0%,4.152,5.868,95.0%,6.138,6.210
superconductivity,50%,40.0%,22.707,33.698,35.0%,20.836,34.439
superconductivity,80%,75.0%,40.593,49.835,85.0%,39.622,51.172
superconductivity,90%,80.0%,52.135,57.353,85.0%,44.906,57.691
Dataset,Nominal Confidence,PPD Coverage,PPD Width,PPD Winkler,MAPIE Coverage,MAPIE Width,MAPIE Winkler
airfoil_self_noise,50%,51.0%,1.987,4.188,58.0%,2.404,4.223
airfoil_self_noise,80%,78.0%,3.943,6.176,82.0%,4.696,6.135
airfoil_self_noise,90%,83.0%,5.284,7.639,92.0%,6.200,7.293
diamonds,50%,52.0%,816.171,1307.359,51.0%,820.841,1305.599
diamonds,80%,82.0%,1593.238,1856.073,82.0%,1570.124,1856.379
diamonds,90%,94.0%,2126.163,2324.424,92.0%,2094.395,2316.277
houses,50%,42.0%,0.286,0.771,43.0%,0.296,0.768
houses,80%,73.0%,0.552,1.213,74.0%,0.584,1.206
houses,90%,80.0%,0.717,1.686,79.0%,0.697,1.698
physiochemical_protein,50%,58.0%,5.635,9.882,59.0%,5.631,9.897
physiochemical_protein,80%,82.0%,10.675,14.006,83.0%,10.825,14.070
physiochemical_protein,90%,92.0%,13.448,16.382,92.0%,13.839,16.577
QSAR-TID-11,50%,45.0%,1.686,3.267,45.0%,1.715,3.245
QSAR-TID-11,80%,80.0%,3.208,3.802,80.0%,3.165,3.758
QSAR-TID-11,90%,95.0%,4.051,4.179,95.0%,4.451,4.453
superconductivity,50%,50.0%,31.907,56.186,40.0%,28.317,57.165
superconductivity,80%,85.0%,58.233,67.354,75.0%,50.974,66.769
superconductivity,90%,95.0%,73.805,75.271,95.0%,61.238,75.675
Dataset,Nominal Confidence,PPD Coverage,PPD Width,PPD Winkler,MAPIE Coverage,MAPIE Width,MAPIE Winkler
airfoil_self_noise,50%,54.0%,2.212,3.935,49.0%,10.516,19.064
airfoil_self_noise,80%,83.0%,4.411,5.392,76.0%,19.687,25.782
airfoil_self_noise,90%,94.0%,5.882,6.047,89.0%,24.772,29.331
diamonds,50%,53.0%,544.108,1096.775,9.0%,4384.321,17770.452
diamonds,80%,76.0%,1079.712,1476.190,13.0%,8436.751,34687.105
diamonds,90%,92.0%,1448.092,1732.146,19.0%,11044.260,57726.690
houses,50%,46.0%,0.285,0.612,35.0%,0.684,1.776
houses,80%,78.0%,0.554,0.870,65.0%,1.307,2.432
houses,90%,87.0%,0.727,1.020,83.0%,1.762,2.765
physiochemical_protein,50%,49.0%,4.806,10.042,49.0%,20.997,25.822
physiochemical_protein,80%,78.0%,9.107,12.830,70.0%,25.364,27.644
physiochemical_protein,90%,88.0%,11.683,14.431,84.0%,25.264,26.452
QSAR-TID-11,50%,35.0%,1.194,3.922,25.0%,2.295,4.754
QSAR-TID-11,80%,40.0%,2.220,6.461,70.0%,4.757,5.784
QSAR-TID-11,90%,55.0%,2.897,7.986,75.0%,6.670,8.381
superconductivity,50%,35.0%,21.372,45.222,0.0%,4.219,230.693
superconductivity,80%,65.0%,39.820,63.418,65.0%,53.222,187.236
superconductivity,90%,75.0%,51.210,71.040,75.0%,77.108,177.928
#
Dataset,Nominal Confidence,PPD Coverage,PPD Width,PPD Winkler,MAPIE Coverage,MAPIE Width,MAPIE Winkler
airfoil_self_noise,50%,47.0%,2.256,5.075,52.0%,2.367,5.053
airfoil_self_noise,80%,78.0%,4.405,7.504,84.0%,4.976,7.532
airfoil_self_noise,90%,86.0%,5.800,9.627,90.0%,6.573,9.422
diamonds,50%,58.0%,447.178,972.899,45.0%,404.751,975.652
diamonds,80%,81.0%,864.274,1465.437,79.0%,843.251,1469.262
diamonds,90%,95.0%,1126.172,1867.999,94.0%,1111.285,1867.423
houses,50%,53.0%,0.397,0.657,50.0%,0.383,0.656
houses,80%,86.0%,0.766,0.933,84.0%,0.775,0.929
houses,90%,93.0%,0.989,1.126,95.0%,1.033,1.121
physiochemical_protein,50%,49.0%,7.401,10.654,46.0%,7.333,10.609
physiochemical_protein,80%,85.0%,12.060,13.187,86.0%,12.459,13.394
physiochemical_protein,90%,95.0%,14.452,15.356,96.0%,15.398,16.042
QSAR-TID-11,50%,50.0%,2.378,3.523,50.0%,2.227,3.540
QSAR-TID-11,80%,80.0%,4.273,4.749,80.0%,4.280,4.749
QSAR-TID-11,90%,90.0%,5.158,5.246,90.0%,6.363,6.421
superconductivity,50%,65.0%,21.857,49.147,65.0%,27.904,51.830
superconductivity,80%,65.0%,40.232,77.945,80.0%,49.918,79.258
superconductivity,90%,75.0%,51.134,90.584,85.0%,59.154,95.026
Dataset,Nominal Confidence,PPD Coverage,PPD Width,PPD Winkler,MAPIE Coverage,MAPIE Width,MAPIE Winkler
airfoil_self_noise,50%,52.0%,2.327,4.837,50.0%,2.255,4.846
airfoil_self_noise,80%,75.0%,4.553,7.139,73.0%,4.477,6.976
airfoil_self_noise,90%,86.0%,6.005,8.511,89.0%,6.299,7.776
diamonds,50%,56.0%,643.305,1178.757,51.0%,615.075,1172.585
diamonds,80%,81.0%,1247.823,1781.421,79.0%,1229.061,1778.134
diamonds,90%,91.0%,1626.622,2199.203,86.0%,1577.632,2194.186
houses,50%,49.0%,0.303,0.607,54.0%,0.322,0.608
houses,80%,73.0%,0.594,0.825,79.0%,0.606,0.812
houses,90%,91.0%,0.780,0.961,94.0%,0.823,0.990
physiochemical_protein,50%,46.0%,7.169,11.911,43.0%,6.951,11.933
physiochemical_protein,80%,78.0%,12.245,15.188,78.0%,12.249,15.226
physiochemical_protein,90%,90.0%,14.433,17.648,87.0%,14.189,17.673
QSAR-TID-11,50%,30.0%,1.395,4.404,40.0%,1.954,4.334
QSAR-TID-11,80%,50.0%,2.936,6.115,70.0%,4.741,5.461
QSAR-TID-11,90%,55.0%,3.835,6.126,95.0%,5.685,5.717
superconductivity,50%,20.0%,20.272,52.558,35.0%,24.795,51.668
superconductivity,80%,60.0%,38.171,71.561,80.0%,52.934,65.888
superconductivity,90%,75.0%,49.498,89.152,90.0%,84.680,86.955
Dataset,Nominal Confidence,PPD Coverage,PPD Width,PPD Winkler,MAPIE Coverage,MAPIE Width,MAPIE Winkler
airfoil_self_noise,50%,40.0%,2.300,4.702,38.0%,2.078,4.750
airfoil_self_noise,80%,78.0%,4.503,6.212,69.0%,3.943,6.319
airfoil_self_noise,90%,91.0%,5.950,7.216,88.0%,5.515,7.307
diamonds,50%,53.0%,703.922,1189.118,50.0%,705.332,1195.438
diamonds,80%,92.0%,1385.254,1754.048,92.0%,1428.126,1781.734
diamonds,90%,97.0%,1839.737,2316.217,97.0%,1907.857,2367.761
houses,50%,65.0%,0.326,0.514,67.0%,0.352,0.514
houses,80%,88.0%,0.629,0.711,89.0%,0.676,0.721
houses,90%,97.0%,0.819,0.834,96.0%,0.898,0.927
physiochemical_protein,50%,57.0%,6.982,9.650,53.0%,6.841,9.688
physiochemical_protein,80%,89.0%,11.527,12.398,88.0%,11.335,12.339
physiochemical_protein,90%,95.0%,13.575,14.292,93.0%,13.116,14.092
QSAR-TID-11,50%,45.0%,1.245,2.511,50.0%,1.512,2.591
QSAR-TID-11,80%,80.0%,2.480,3.824,90.0%,3.672,4.371
QSAR-TID-11,90%,85.0%,3.215,4.617,90.0%,4.394,5.337
superconductivity,50%,30.0%,26.568,47.884,40.0%,23.231,46.178
superconductivity,80%,60.0%,48.804,68.701,95.0%,65.807,66.314
superconductivity,90%,75.0%,62.509,79.186,100.0%,79.271,79.271
Dataset,Nominal Confidence,PPD Coverage,PPD Width,PPD Winkler,MAPIE Coverage,MAPIE Width,MAPIE Winkler
airfoil_self_noise,50%,54.0%,2.362,5.023,22.0%,9.416,35.613
airfoil_self_noise,80%,82.0%,4.685,8.185,44.0%,15.613,62.341
airfoil_self_noise,90%,87.0%,6.259,11.203,62.0%,20.994,73.835
diamonds,50%,63.0%,676.657,1157.843,0.0%,3115.768,26127.171
diamonds,80%,84.0%,1343.498,1590.448,68.0%,8923.740,25080.555
diamonds,90%,96.0%,1783.880,1896.615,82.0%,12735.899,26734.226
houses,50%,53.0%,0.307,0.519,63.0%,1.066,1.528
houses,80%,83.0%,0.594,0.734,90.0%,2.018,2.223
houses,90%,96.0%,0.779,0.878,98.0%,2.510,2.536
physiochemical_protein,50%,45.0%,5.675,12.637,25.0%,8.431,15.717
physiochemical_protein,80%,77.0%,10.626,14.589,45.0%,5.389,39.087
physiochemical_protein,90%,89.0%,12.911,14.814,49.0%,4.050,87.637
QSAR-TID-11,50%,20.0%,0.923,4.434,40.0%,2.438,4.204
QSAR-TID-11,80%,30.0%,1.868,6.879,75.0%,5.487,6.077
QSAR-TID-11,90%,40.0%,2.581,8.500,100.0%,6.692,6.692
superconductivity,50%,15.0%,17.075,51.464,30.0%,91.763,154.870
superconductivity,80%,60.0%,34.013,76.578,50.0%,155.367,208.120
superconductivity,90%,65.0%,45.315,96.517,60.0%,186.600,232.359
#
Dataset,Nominal Confidence,PPD Coverage,PPD Width,PPD Winkler,MAPIE Coverage,MAPIE Width,MAPIE Winkler
airfoil_self_noise,50%,55.0%,2.501,4.385,58.0%,2.759,4.421
airfoil_self_noise,80%,81.0%,4.865,6.466,85.0%,5.328,6.545
airfoil_self_noise,90%,90.0%,6.374,7.755,95.0%,6.878,7.783
diamonds,50%,47.0%,483.284,945.798,44.0%,468.271,946.600
diamonds,80%,78.0%,940.814,1390.812,73.0%,887.033,1405.365
diamonds,90%,90.0%,1235.472,1706.168,92.0%,1447.816,1818.108
houses,50%,54.0%,0.385,0.701,55.0%,0.379,0.701
houses,80%,82.0%,0.750,1.042,80.0%,0.709,1.047
houses,90%,90.0%,0.987,1.262,85.0%,0.882,1.322
physiochemical_protein,50%,47.0%,5.972,10.191,44.0%,5.907,10.205
physiochemical_protein,80%,81.0%,10.872,13.551,77.0%,10.530,13.568
physiochemical_protein,90%,97.0%,13.418,14.157,95.0%,14.650,14.901
QSAR-TID-11,50%,35.0%,2.098,3.999,50.0%,1.563,4.530
QSAR-TID-11,80%,80.0%,3.783,5.571,75.0%,3.507,5.786
QSAR-TID-11,90%,80.0%,4.530,6.423,90.0%,5.228,5.809
superconductivity,50%,40.0%,25.823,48.375,65.0%,28.687,47.581
superconductivity,80%,80.0%,48.541,66.385,80.0%,45.667,64.019
superconductivity,90%,95.0%,61.789,76.275,95.0%,57.992,70.367
Dataset,Nominal Confidence,PPD Coverage,PPD Width,PPD Winkler,MAPIE Coverage,MAPIE Width,MAPIE Winkler
airfoil_self_noise,50%,59.0%,2.350,4.506,48.0%,2.013,4.555
airfoil_self_noise,80%,84.0%,4.578,6.775,78.0%,4.043,6.766
airfoil_self_noise,90%,92.0%,6.022,8.259,88.0%,5.414,8.227
diamonds,50%,51.0%,523.433,939.105,45.0%,494.137,941.126
diamonds,80%,81.0%,1012.788,1385.978,81.0%,1001.072,1384.738
diamonds,90%,93.0%,1325.727,1599.591,95.0%,1676.450,1750.952
houses,50%,54.0%,0.318,0.570,54.0%,0.307,0.566
houses,80%,84.0%,0.610,0.849,80.0%,0.537,0.840
houses,90%,91.0%,0.793,1.048,88.0%,0.707,1.069
physiochemical_protein,50%,51.0%,7.255,10.107,52.0%,7.142,10.165
physiochemical_protein,80%,80.0%,12.194,13.127,88.0%,12.590,13.167
physiochemical_protein,90%,94.0%,14.322,14.854,95.0%,14.646,14.973
QSAR-TID-11,50%,40.0%,1.960,3.557,25.0%,1.458,3.696
QSAR-TID-11,80%,75.0%,3.494,4.736,55.0%,2.836,5.109
QSAR-TID-11,90%,80.0%,4.209,5.334,80.0%,5.071,6.458
superconductivity,50%,35.0%,17.168,51.544,15.0%,17.225,49.612
superconductivity,80%,70.0%,33.958,64.876,80.0%,43.391,59.573
superconductivity,90%,75.0%,44.761,71.669,80.0%,47.617,68.050
Dataset,Nominal Confidence,PPD Coverage,PPD Width,PPD Winkler,MAPIE Coverage,MAPIE Width,MAPIE Winkler
airfoil_self_noise,50%,53.0%,1.964,4.626,46.0%,1.833,4.959
airfoil_self_noise,80%,80.0%,3.813,7.369,69.0%,3.321,7.623
airfoil_self_noise,90%,87.0%,5.015,9.888,87.0%,5.452,10.451
diamonds,50%,63.0%,678.628,1138.524,55.0%,657.591,1133.979
diamonds,80%,89.0%,1322.481,1674.065,87.0%,1306.817,1661.327
diamonds,90%,95.0%,1750.323,2097.487,93.0%,1701.363,2079.467
houses,50%,47.0%,0.301,0.775,53.0%,0.344,0.771
houses,80%,76.0%,0.587,1.270,79.0%,0.618,1.259
houses,90%,83.0%,0.769,1.775,88.0%,0.882,1.725
physiochemical_protein,50%,49.0%,5.969,11.434,46.0%,5.912,11.485
physiochemical_protein,80%,76.0%,10.885,14.613,73.0%,10.619,14.670
physiochemical_protein,90%,87.0%,13.366,16.638,86.0%,13.302,16.624
QSAR-TID-11,50%,65.0%,1.187,1.846,45.0%,1.683,2.602
QSAR-TID-11,80%,90.0%,2.374,2.509,80.0%,3.695,3.875
QSAR-TID-11,90%,100.0%,3.136,3.136,100.0%,4.235,4.235
superconductivity,50%,35.0%,21.124,59.621,40.0%,24.540,59.500
superconductivity,80%,60.0%,41.146,89.143,85.0%,59.404,83.416
superconductivity,90%,65.0%,54.148,106.887,90.0%,71.624,92.603
Dataset,Nominal Confidence,PPD Coverage,PPD Width,PPD Winkler,MAPIE Coverage,MAPIE Width,MAPIE Winkler
airfoil_self_noise,50%,52.0%,2.261,4.042,2.0%,12.558,61.981
airfoil_self_noise,80%,82.0%,4.449,6.114,17.0%,21.657,88.351
airfoil_self_noise,90%,90.0%,5.881,7.770,29.0%,27.272,126.844
diamonds,50%,55.0%,722.611,1460.896,47.0%,3776.947,8755.802
diamonds,80%,83.0%,1419.694,2140.287,85.0%,7815.507,10835.080
diamonds,90%,89.0%,1882.734,2458.466,92.0%,9269.422,12715.211
houses,50%,53.0%,0.293,0.727,34.0%,0.945,2.056
houses,80%,69.0%,0.569,1.159,67.0%,1.638,2.721
houses,90%,82.0%,0.749,1.542,81.0%,2.127,3.063
physiochemical_protein,50%,58.0%,6.278,10.875,39.0%,3.035,20.551
physiochemical_protein,80%,77.0%,11.043,13.844,51.0%,8.192,27.602
physiochemical_protein,90%,89.0%,13.400,15.219,60.0%,10.484,34.028
QSAR-TID-11,50%,40.0%,1.147,3.680,60.0%,3.550,4.428
QSAR-TID-11,80%,45.0%,2.332,5.449,100.0%,5.717,5.717
QSAR-TID-11,90%,65.0%,3.092,6.633,100.0%,6.464,6.464
superconductivity,50%,65.0%,28.135,38.091,30.0%,64.474,195.049
superconductivity,80%,95.0%,55.803,58.983,45.0%,127.291,295.409
superconductivity,90%,95.0%,70.217,71.619,55.0%,145.970,316.444
#
Dataset,Nominal Confidence,PPD Coverage,PPD Width,PPD Winkler,MAPIE Coverage,MAPIE Width,MAPIE Winkler
airfoil_self_noise,50%,45.0%,2.384,5.296,34.0%,1.977,5.399
airfoil_self_noise,80%,80.0%,4.654,8.004,70.0%,4.098,8.163
airfoil_self_noise,90%,88.0%,6.123,10.576,79.0%,5.127,11.037
diamonds,50%,56.0%,575.495,1199.673,60.0%,619.459,1201.405
diamonds,80%,81.0%,1108.278,1637.300,85.0%,1177.826,1662.397
diamonds,90%,90.0%,1445.697,1920.057,92.0%,1490.363,1934.705
houses,50%,47.0%,0.331,0.628,38.0%,0.282,0.640
houses,80%,82.0%,0.642,0.881,72.0%,0.559,0.911
houses,90%,91.0%,0.841,1.087,89.0%,0.773,1.091
physiochemical_protein,50%,57.0%,6.975,10.221,59.0%,6.930,10.286
physiochemical_protein,80%,85.0%,11.263,13.281,90.0%,12.116,13.653
physiochemical_protein,90%,94.0%,13.151,15.228,95.0%,13.662,15.315
QSAR-TID-11,50%,30.0%,1.920,3.635,50.0%,2.502,3.405
QSAR-TID-11,80%,85.0%,3.636,4.122,100.0%,4.349,4.349
QSAR-TID-11,90%,95.0%,4.667,4.745,100.0%,5.143,5.143
superconductivity,50%,55.0%,33.289,52.847,60.0%,35.576,53.197
superconductivity,80%,90.0%,57.535,66.646,95.0%,62.553,70.282
superconductivity,90%,95.0%,69.192,79.052,95.0%,77.003,81.014
Dataset,Nominal Confidence,PPD Coverage,PPD Width,PPD Winkler,MAPIE Coverage,MAPIE Width,MAPIE Winkler
airfoil_self_noise,50%,59.0%,2.673,4.394,47.0%,2.213,4.333
airfoil_self_noise,80%,89.0%,5.227,6.574,84.0%,4.795,6.431
airfoil_self_noise,90%,96.0%,6.882,8.277,96.0%,6.842,8.175
diamonds,50%,60.0%,535.455,1503.068,50.0%,493.881,1504.147
diamonds,80%,79.0%,1031.719,2344.054,76.0%,956.332,2359.220
diamonds,90%,86.0%,1345.402,2887.175,82.0%,1206.263,2988.277
houses,50%,48.0%,0.327,0.733,47.0%,0.312,0.730
houses,80%,78.0%,0.618,1.073,76.0%,0.575,1.060
houses,90%,86.0%,0.791,1.377,86.0%,0.748,1.329
physiochemical_protein,50%,50.0%,6.655,10.699,54.0%,6.699,10.832
physiochemical_protein,80%,82.0%,11.432,13.084,77.0%,10.812,13.127
physiochemical_protein,90%,93.0%,13.919,14.970,90.0%,12.720,15.088
QSAR-TID-11,50%,60.0%,1.968,2.665,45.0%,1.694,2.718
QSAR-TID-11,80%,85.0%,3.479,3.737,75.0%,3.963,4.345
QSAR-TID-11,90%,95.0%,4.166,4.382,100.0%,4.546,4.546
superconductivity,50%,50.0%,26.590,69.467,70.0%,38.695,70.114
superconductivity,80%,70.0%,51.108,108.144,85.0%,66.304,102.297
superconductivity,90%,75.0%,71.422,135.644,90.0%,98.902,112.255
Dataset,Nominal Confidence,PPD Coverage,PPD Width,PPD Winkler,MAPIE Coverage,MAPIE Width,MAPIE Winkler
airfoil_self_noise,50%,53.0%,2.213,4.764,58.0%,2.304,4.775
airfoil_self_noise,80%,80.0%,4.307,7.176,81.0%,4.586,7.344
airfoil_self_noise,90%,90.0%,5.669,9.147,94.0%,7.043,9.468
diamonds,50%,62.0%,577.862,1185.878,66.0%,600.540,1184.942
diamonds,80%,85.0%,1120.145,1685.552,89.0%,1161.728,1697.415
diamonds,90%,93.0%,1474.165,1912.846,95.0%,1475.238,1914.013
houses,50%,52.0%,0.280,0.534,59.0%,0.311,0.534
houses,80%,87.0%,0.548,0.789,91.0%,0.596,0.809
houses,90%,94.0%,0.721,1.026,96.0%,0.798,1.069
physiochemical_protein,50%,38.0%,4.829,13.668,38.0%,4.720,13.711
physiochemical_protein,80%,73.0%,10.001,16.968,71.0%,9.906,17.114
physiochemical_protein,90%,87.0%,12.624,18.361,86.0%,12.721,19.026
QSAR-TID-11,50%,25.0%,1.737,4.140,55.0%,2.665,3.958
QSAR-TID-11,80%,55.0%,3.163,4.728,90.0%,4.442,4.675
QSAR-TID-11,90%,85.0%,3.924,4.836,100.0%,7.355,7.355
superconductivity,50%,35.0%,22.195,49.077,25.0%,20.159,52.681
superconductivity,80%,65.0%,39.689,65.302,75.0%,45.369,66.724
superconductivity,90%,90.0%,49.338,74.334,75.0%,49.756,77.606
Dataset,Nominal Confidence,PPD Coverage,PPD Width,PPD Winkler,MAPIE Coverage,MAPIE Width,MAPIE Winkler
airfoil_self_noise,50%,37.0%,2.101,4.770,31.0%,11.636,31.898
airfoil_self_noise,80%,78.0%,4.228,6.644,48.0%,21.420,46.579
airfoil_self_noise,90%,87.0%,5.684,8.167,66.0%,28.015,52.058
diamonds,50%,53.0%,620.353,1062.758,55.0%,5500.977,9219.387
diamonds,80%,84.0%,1225.775,1475.848,78.0%,11651.142,13465.044
diamonds,90%,95.0%,1634.739,1778.173,90.0%,15071.021,15715.242
houses,50%,51.0%,0.299,0.614,33.0%,0.718,2.043
houses,80%,83.0%,0.580,0.892,51.0%,1.291,3.368
houses,90%,88.0%,0.763,1.173,64.0%,1.719,4.236
physiochemical_protein,50%,44.0%,5.180,10.868,4.0%,2.326,26.011
physiochemical_protein,80%,73.0%,9.915,13.622,24.0%,9.540,39.027
physiochemical_protein,90%,88.0%,12.333,14.448,31.0%,12.648,40.653
QSAR-TID-11,50%,25.0%,1.256,5.177,75.0%,4.610,6.238
QSAR-TID-11,80%,55.0%,2.327,8.677,95.0%,7.250,7.625
QSAR-TID-11,90%,60.0%,2.923,12.319,100.0%,8.864,8.864
superconductivity,50%,35.0%,16.956,34.403,0.0%,0.077,296.078
superconductivity,80%,75.0%,32.331,53.878,45.0%,38.131,349.109
superconductivity,90%,85.0%,40.497,71.754,55.0%,63.911,373.059
